Workbook

Sheet NPCs bc45871df08a46b3ae7d8e083e
A1: ﻿Name | B1: Character Type | C1: Class | D1: Strength | E1: Agility | F1: Speed | G1: Abilities | H1: Condition | I1: Defense | J1: Hit Points | K1: Mind | L1: Race | M1: Adjective | N1: Locations | O1: Related Quests
A2: Aarya | B2: NPC, Shop Owner | C2: Robo-tech | D2: 7 | E2: 18 | F2: 4 | G2: Speedster | I2: 1 | J2: 39 | K2: 14 | L2: Goblin | M2: Optimistic | N2: Aarya's Weapon Shop (https://www.notion.so/Aarya-s-Weapon-Shop-14508c44b7d7801698cbffabaa2ccff3?pvs=21)
A3: Abba | B3: NPC | C3: Botanist | D3: 17 | E3: 5 | F3: 4 | G3: Observant | I3: 2 | J3: 36 | K3: 21 | L3: Ogre | M3: Macho
A4: Abbey | B4: NPC, Rainbow Guard | C4: Botanist | D4: 24 | E4: 4 | F4: 3 | G4: Unhelpful | I4: 3 | J4: 134 | K4: 23 | L4: Bastian | M4: Elderly
A5: Abella | B5: NPC | C5: Angler | D5: 9 | E5: 23 | F5: 2 | G5: Armstrong | I5: 19 | J5: 177 | K5: 6 | L5: Goblin | M5: Bleeding
A6: Abie | B6: NPC | C6: Angler | D6: 17 | E6: 19 | F6: 4 | G6: Talkative | I6: 20 | J6: 137 | K6: 17 | L6: Esparan | M6: Sensitive
A7: Adana | B7: NPC, Shop Worker | C7: Gymnast | D7: 2 | E7: 21 | F7: 6 | G7: Sweet Liar | I7: 20 | J7: 80 | K7: 3 | L7: Human | M7: Cautious
A8: Addeson | B8: NPC | C8: Writer | D8: 14 | E8: 16 | F8: 4 | G8: Armstrong | I8: 3 | J8: 24 | K8: 15 | L8: Fairy | M8: Elderly
A9: Addie | B9: NPC | C9: Time Caster | D9: 18 | E9: 19 | F9: 3 | G9: Sweet Liar | I9: 9 | J9: 3 | K9: 16 | L9: Luskin | M9: Macho
A10: Addy | B10: NPC | C10: Surgeon | D10: 25 | E10: 6 | F10: 6 | G10: Speedster | I10: 12 | J10: 53 | K10: 23 | L10: Technokin | M10: Serious
A11: Addyson | B11: NPC | C11: Artist | D11: 24 | E11: 22 | F11: 2 | G11: Sweet Liar | I11: 5 | J11: 189 | K11: 5 | L11: Ogre | M11: Pessimistic
A12: Adel | B12: NPC | C12: Artist | D12: 26 | E12: 4 | F12: 6 | G12: Armstrong | I12: 6 | J12: 99 | K12: 14 | L12: Luskin | M12: Scared
A13: Aden | B13: NPC | C13: Artist | D13: 23 | E13: 25 | F13: 5 | G13: Armstrong | I13: 4 | J13: 177 | K13: 9 | L13: Goblin | M13: Scared
A14: Adison | B14: NPC, Shop Worker | C14: Gymnast | D14: 14 | E14: 1 | F14: 6 | G14: Truth Seeker | I14: 17 | J14: 6 | K14: 12 | L14: Esparan | M14: Serious
... A24: Robin | B24: NPC, Quest, Sewer Dweller | C24: Angler | D24: 14 | E24: 16 | F24: 3 | G24: Nimble | I24: 2 | J24: 83 | K24: 25 | L24: Luskin | M24: Small
A25: Akari | B25: NPC, Shop Owner | C25: Angler | D25: 25 | E25: 5 | F25: 3 | G25: Talkative | I25: 3 | J25: 149 | K25: 12 | L25: Fairy | M25: Sensitive | N25: The Hut Shop (https://www.notion.so/The-Hut-Shop-ec01a27fd8414e7f8360a6b9eaab00fb?pvs=21)
A26: Akira | B26: NPC | C26: Gymnast | D26: 2 | E26: 7 | F26: 5 | G26: Talkative | I26: 14 | J26: 100 | K26: 5 | L26: Human | M26: Serious
A27: Akoni | B27: NPC | C27: Chef | D27: 15 | E27: 19 | F27: 3 | G27: Keen Eyes | I27: 2 | J27: 34 | K27: 12 | L27: Goblin | M27: Sensitive
A28: Al | B28: NPC | C28: Robo-tech | D28: 16 | E28: 23 | F28: 5 | G28: Truth Seeker | I28: 15 | J28: 155 | K28: 6 | L28: Goblin | M28: Scared
A29: Alaia | B29: NPC | C29: Robo-tech | D29: 24 | E29: 11 | F29: 3 | G29: Super Taster | I29: 13 | J29: 17 | K29: 7 | L29: Technokin | M29: Sensitive
A30: Alair | B30: NPC | C30: Angler | D30: 22 | E30: 17 | F30: 6 | G30: Truth Seeker | I30: 15 | J30: 100 | K30: 14 | L30: Human | M30: Sensitive
A31: Alaire | B31: NPC, Sewer Dweller, Shop Owner | C31: Preceptor | D31: 14 | E31: 6 | F31: 3 | G31: Observant | I31: 8 | J31: 64 | K31: 25 | L31: Luskin | M31: Sensitive
A32: Alasdair | B32: NPC | C32: Surgeon | D32: 12 | E32: 11 | F32: 4 | G32: Speedster | I32: 15 | J32: 83 | K32: 5 | L32: Ogre | M32: Serious
A33: Alaska | B33: NPC | C33: Writer | D33: 22 | E33: 23 | F33: 1 | G33: Nimble | I33: 20 | J33: 10 | K33: 21 | L33: Luskin | M33: Bleeding
A34: Alastair | B34: NPC, Shop Owner | C34: Time Caster | D34: 19 | E34: 5 | F34: 6 | G34: Truth Seeker | I34: 3 | J34: 123 | K34: 12 | L34: Esparan | M34: Pessimistic | N34: Alluring Bookshop (https://www.notion.so/Alluring-Bookshop-8bbc5b17d9b846bdb2f2b4f9610ecf84?pvs=21)
A35: Alba | B35: NPC | C35: Botanist | D35: 5 | E35: 16 | F35: 5 | G35: Talkative | I35: 12 | J35: 137 | K35: 15 | L35: Luskin | M35: Serious
A36: Alcie | B36: NPC | C36: Botanist | D36: 14 | E36: 12 | F36: 6 | G36: Speedster | I36: 11 | J36: 93 | K36: 10 | L36: Esparan | M36: Macho
A37: Alder | B37: NPC | C37: Gymnast | D37: 19 | E37: 21 | F37: 2 | G37: Unhelpful | I37: 11 | J37: 171 | K37: 6 | L37: Goblin | M37: Serious
A38: Alessi | B38: NPC | C38: Writer | D38: 9 | E38: 7 | F38: 2 | G38: Observant | I38: 17 | J38: 19 | K38: 17 | L38: Ethalins | M38: Scared
A39: Alex | B39: NPC, Shop Owner | C39: Chef | D39: 19 | E39: 4 | F39: 1 | G39: Observant | I39: 6 | J39: 67 | K39: 24 | L39: Esparan | M39: Macho | N39: Alex’s Mocho Shopo (https://www.notion.so/Alex-s-Mocho-Shopo-7a79cb80ce0c41938f358e26aa82b885?pvs=21) | O39: Eating competition (https://www.notion.so/Eating-competition-9bd94e59245140b291bac5993b2886f3?pvs=21)
A40: Alexandre | B40: NPC | C40: Animal Trainer | D40: 18 | E40: 20 | F40: 4 | G40: Truth Seeker | I40: 9 | J40: 94 | K40: 17 | L40: Human | M40: Serious
A41: Alexi | B41: NPC | C41: Writer | D41: 19 | E41: 9 | F41: 5 | G41: Stubborn | I41: 6 | J41: 126 | K41: 19 | L41: Esparan | M41: Cautious
A42: Alexis | B42: NPC, Shop Owner | C42: Time Caster | D42: 20 | E42: 4 | F42: 7 | G42: Speedster | I42: 20 | J42: 93 | K42: 7 | L42: Luskin | M42: Macho | N42: Information Station (https://www.notion.so/Information-Station-5b3d28a9933f48df95965281ebd8859b?pvs=21)
A43: Alexus | B43: NPC | C43: Angler | D43: 20 | E43: 6 | F43: 5 | G43: Nimble | I43: 17 | J43: 70 | K43: 11 | L43: Human | M43: Bleeding
A44: Alfa | B44: NPC, Shop Owner | C44: Surgeon | D44: 2 | E44: 18 | F44: 7 | G44: Truth Seeker | I44: 12 | J44: 80 | K44: 9 | L44: Luskin | M44: Pessimistic | N44: Alfa's Rare Pet Shop (https://www.notion.so/Alfa-s-Rare-Pet-Shop-73a93c8657c545f58f574003092e5787?pvs=21)
A45: Alika | B45: NPC | C45: Writer | D45: 8 | E45: 17 | F45: 5 | G45: Unhelpful | I45: 19 | J45: 107 | K45: 25 | L45: Goblin | M45: Serious
A46: Alin | B46: NPC | C46: Angler | D46: 12 | E46: 4 | F46: 2 | G46: Nimble | I46: 2 | J46: 181 | K46: 7 | L46: Ogre | M46: Serious
A47: Alison | B47: NPC, Shop Owner | C47: Botanist | D47: 18 | E47: 4 | F47: 6 | G47: Truth Seeker | I47: 3 | J47: 29 | K47: 18 | L47: Boktonian | M47: Macho | N47: Bubbling Brewery (https://www.notion.so/Bubbling-Brewery-6370bdc34f8e42bab03095026789036b?pvs=21)
A48: Alley | B48: NPC | C48: Time Caster | D48: 11 | E48: 23 | F48: 7 | G48: Speedster | I48: 11 | J48: 143 | K48: 24 | L48: Bastian | M48: Macho
A49: Allie | B49: NPC, Shop Owner | C49: Robo-tech | D49: 18 | E49: 5 | F49: 7 | G49: Keen Eyes | I49: 13 | J49: 21 | K49: 23 | L49: Fairy | M49: Strong | N49: Allie’s Specialties (https://www.notion.so/Allie-s-Specialties-061412b3b7ba40fd8a5f79388b356f02?pvs=21)
A50: Allison | B50: NPC, Shop Owner | C50: Robo-tech | D50: 7 | E50: 6 | F50: 1 | G50: Unhelpful | I50: 20 | J50: 48 | K50: 5 | L50: Boktonian | M50: Optimistic | N50: Potbelly Armory (https://www.notion.so/Potbelly-Armory-6acc9987c7314c7c9d6b9651dd1e1fe2?pvs=21)
A51: Alma | B51: NPC, Rainbow Guard | C51: Gymnast | D51: 10 | E51: 2 | F51: 4 | G51: Nimble | I51: 9 | J51: 9 | K51: 24 | L51: Goblin | M51: Sensitive | O51: The Stickler (https://www.notion.so/The-Stickler-318f30c5d0344eedbcec0af79bbb9cbb?pvs=21)
A52: Almas | B52: NPC | C52: Writer | D52: 23 | E52: 20 | F52: 4 | G52: Talkative | I52: 7 | J52: 27 | K52: 24 | L52: Esparan | M52: Scared
A53: Almond | B53: NPC | C53: Chef | D53: 21 | E53: 24 | F53: 6 | G53: Talkative | I53: 16 | J53: 23 | K53: 1 | L53: Luskin | M53: Serious
A54: Alpha | B54: NPC | C54: Gymnast | D54: 21 | E54: 17 | F54: 1 | G54: Keen Eyes | I54: 20 | J54: 58 | K54: 13 | L54: Ethalins | M54: Macho
A55: Alston | B55: NPC | C55: Animal Trainer | D55: 4 | E55: 1 | F55: 4 | G55: Observant | I55: 17 | J55: 135 | K55: 17 | L55: Bastian | M55: Scared
A56: Alta | B56: NPC, Shop Owner | C56: Gymnast | D56: 9 | E56: 8 | F56: 1 | G56: Stubborn | I56: 1 | J56: 183 | K56: 4 | L56: Esparan | M56: Pessimistic
A57: Altair | B57: NPC | C57: Robo-tech | D57: 4 | E57: 4 | F57: 4 | G57: Sweet Liar | I57: 13 | J57: 67 | K57: 25 | L57: Fairy | M57: Serious
A58: Alva | B58: NPC | C58: Surgeon | D58: 17 | E58: 17 | F58: 4 | G58: Keen Eyes | I58: 15 | J58: 31 | K58: 19 | L58: Bastian | M58: Macho
A59: Alyn | B59: NPC | C59: Artist | D59: 14 | E59: 22 | F59: 7 | G59: Speedster | I59: 9 | J59: 69 | K59: 20 | L59: Luskin | M59: Cautious
A60: Amahl | B60: NPC | C60: Writer | D60: 4 | E60: 8 | F60: 5 | G60: Observant | I60: 5 | J60: 149 | K60: 15 | L60: Fairy | M60: Optimistic
A61: Aman | B61: NPC | C61: Preceptor | D61: 10 | E61: 12 | F61: 2 | G61: Speedster | I61: 11 | J61: 57 | K61: 9 | L61: Luskin | M61: Cautious
A62: Amani | B62: NPC | C62: Robo-tech | D62: 12 | E62: 24 | F62: 4 | G62: Super Taster | I62: 18 | J62: 63 | K62: 22 | L62: Luskin | M62: Optimistic
A63: Amar | B63: NPC | C63: Preceptor | D63: 11 | E63: 21 | F63: 1 | G63: Unhelpful | I63: 2 | J63: 44 | K63: 17 | L63: Luskin | M63: Macho
... A73: Andrea | B73: NPC | C73: Angler | D73: 10 | E73: 11 | F73: 3 | G73: Armstrong | I73: 12 | J73: 171 | K73: 7 | L73: Bastian | M73: Cautious
A74: Andy | B74: NPC, Shop Owner | C74: Robo-tech | D74: 15 | E74: 18 | F74: 5 | G74: Sweet Liar | I74: 13 | J74: 167 | K74: 13 | L74: Technokin | M74: Pessimistic | N74: The Quasar (https://www.notion.so/The-Quasar-eaaac406c1a4440094e27b45997aad7b?pvs=21)
A75: Ange | B75: NPC | C75: Botanist | D75: 7 | E75: 13 | F75: 2 | G75: Nimble | I75: 19 | J75: 59 | K75: 1 | L75: Human | M75: Sensitive
A76: Angel | B76: NPC | C76: Time Caster | D76: 12 | E76: 11 | F76: 4 | G76: Unhelpful | I76: 17 | J76: 169 | K76: 25 | L76: Human | M76: Sensitive
A77: Angeles | B77: NPC | C77: Gymnast | D77: 6 | E77: 12 | F77: 5 | G77: Keen Eyes | I77: 6 | J77: 145 | K77: 8 | L77: Luskin | M77: Bleeding
A78: Angie | B78: NPC | C78: Animal Trainer | D78: 18 | E78: 4 | F78: 5 | G78: Observant | I78: 3 | J78: 34 | K78: 20 | L78: Fairy | M78: Cautious
A79: Aniston | B79: NPC | C79: Angler | D79: 24 | E79: 4 | F79: 5 | G79: Speedster | I79: 10 | J79: 53 | K79: 8 | L79: Boktonian | M79: Cautious
A80: Ann | B80: NPC | C80: Animal Trainer | D80: 5 | E80: 26 | F80: 4 | G80: Observant | I80: 18 | J80: 32 | K80: 24 | L80: Esparan | M80: Scared
A81: Annsley | B81: NPC | C81: Botanist | D81: 14 | E81: 6 | F81: 4 | G81: Unhelpful | I81: 15 | J81: 76 | K81: 3 | L81: Fairy | M81: Bleeding
A82: Anslea | B82: NPC | C82: Robo-tech | D82: 10 | E82: 20 | F82: 6 | G82: Armstrong | I82: 6 | J82: 108 | K82: 24 | L82: Ethalins | M82: Scared
A83: Ansleigh | B83: NPC | C83: Time Caster | D83: 10 | E83: 6 | F83: 6 | G83: Speedster | I83: 18 | J83: 152 | K83: 23 | L83: Bastian | M83: Optimistic
A84: Ansley | B84: NPC | C84: Botanist | D84: 6 | E84: 26 | F84: 5 | G84: Observant | I84: 12 | J84: 127 | K84: 18 | L84: Technokin | M84: Anxious
A85: Anslie | B85: NPC | C85: Preceptor | D85: 15 | E85: 23 | F85: 5 | G85: Truth Seeker | I85: 3 | J85: 160 | K85: 9 | L85: Bastian | M85: Cautious
A86: Ansonia | B86: NPC | C86: Chef | D86: 12 | E86: 16 | F86: 6 | G86: Talkative | I86: 4 | J86: 51 | K86: 17 | L86: Human | M86: Scared
... A90: Apce | B90: NPC | C90: Gymnast | D90: 14 | E90: 11 | F90: 6 | G90: Super Taster | I90: 6 | J90: 77 | K90: 21 | L90: Human | M90: Pessimistic
A91: Apolina | B91: NPC, Shop Owner | C91: Robo-tech | D91: 6 | E91: 9 | F91: 1 | G91: Nimble | I91: 5 | J91: 1 | K91: 23 | L91: Bastian | M91: Serious | N91: The Steam & Cog Inn (https://www.notion.so/The-Steam-Cog-Inn-c9e7869f729144e783c7e13fee0ed503?pvs=21) | O91: Flag-Dang-It Catastrophe (https://www.notion.so/Flag-Dang-It-Catastrophe-10808c44b7d7804f954eee53d4b29448?pvs=21)
A92: Ara | B92: NPC | C92: Preceptor | D92: 26 | E92: 17 | F92: 6 | G92: Unhelpful | I92: 21 | J92: 76 | K92: 20 | L92: Boktonian | M92: Friendly
A93: Aragon | B93: NPC | C93: Gymnast | D93: 8 | E93: 20 | F93: 7 | G93: Talkative | I93: 20 | J93: 21 | K93: 12 | L93: Technokin | M93: Macho
A94: Aram | B94: NPC | C94: Artist | D94: 14 | E94: 6 | F94: 6 | G94: Nimble | I94: 17 | J94: 119 | K94: 16 | L94: Luskin | M94: Feeble
A95: Ararat | B95: NPC | C95: Animal Trainer | D95: 7 | E95: 17 | F95: 2 | G95: Truth Seeker | I95: 11 | J95: 29 | K95: 21 | L95: Bastian | M95: Sensitive
A96: Arbor | B96: NPC | C96: Artist | D96: 11 | E96: 10 | F96: 3 | G96: Sweet Liar | I96: 8 | J96: 36 | K96: 6 | L96: Ogre | M96: Optimistic
A97: Archer | B97: NPC | C97: Botanist | D97: 17 | E97: 17 | F97: 3 | G97: Talkative | I97: 20 | J97: 196 | K97: 4 | L97: Luskin | M97: Feeble
A98: Arda | B98: NPC | C98: Chef | D98: 19 | E98: 11 | F98: 1 | G98: Speedster | I98: 2 | J98: 179 | K98: 8 | L98: Fairy | M98: Bleeding
A99: Ardell | B99: NPC | C99: Preceptor | D99: 5 | E99: 23 | F99: 5 | G99: Speedster | I99: 14 | J99: 13 | K99: 16 | L99: Luskin | M99: Bleeding
A100: Arden | B100: NPC | C100: Writer | D100: 20 | E100: 7 | F100: 2 | G100: Observant | I100: 9 | J100: 191 | K100: 22 | L100: Ethalins | M100: Greedy
A101: Ardin | B101: NPC | C101: Writer | D101: 25 | E101: 15 | F101: 1 | G101: Keen Eyes | I101: 14 | J101: 17 | K101: 8 | L101: Fairy | M101: Sensitive
A102: Arel | B102: NPC | C102: Chef | D102: 15 | E102: 23 | F102: 4 | G102: Truth Seeker | I102: 20 | J102: 179 | K102: 19 | L102: Ogre | M102: Pessimistic
A103: Aren | B103: NPC | C103: Gymnast | D103: 12 | E103: 15 | F103: 5 | G103: Nimble | I103: 14 | J103: 39 | K103: 5 | L103: Ogre | M103: Normal
... A122: Armana | B122: NPC | C122: Angler | D122: 14 | E122: 5 | F122: 3 | G122: Super Taster | I122: 19 | J122: 105 | K122: 8 | L122: Luskin | M122: Bleeding
A123: Armande | B123: NPC | C123: Writer | D123: 6 | E123: 21 | F123: 7 | G123: Truth Seeker | I123: 4 | J123: 81 | K123: 22 | L123: Bastian | M123: Young | O123: Dance baby dance (https://www.notion.so/Dance-baby-dance-29999dedb1344e10b99997900150eca6?pvs=21)
A124: Armani | B124: NPC | C124: Artist | D124: 12 | E124: 11 | F124: 3 | G124: Sweet Liar | I124: 16 | J124: 78 | K124: 20 | L124: Fairy | M124: Hungry
A125: Armen | B125: NPC | C125: Surgeon | D125: 10 | E125: 14 | F125: 4 | G125: Unhelpful | I125: 13 | J125: 66 | K125: 22 | L125: Luskin | M125: Elderly
A126: Armonde | B126: NPC | C126: Animal Trainer | D126: 12 | E126: 15 | F126: 4 | G126: Observant | I126: 21 | J126: 188 | K126: 14 | L126: Human | M126: Normal
A127: Arna | B127: NPC | C127: Botanist | D127: 4 | E127: 2 | F127: 4 | G127: Super Taster | I127: 5 | J127: 23 | K127: 5 | L127: Boktonian | M127: Cautious
A128: Arnborg | B128: NPC | C128: Robo-tech | D128: 13 | E128: 9 | F128: 2 | G128: Observant | I128: 4 | J128: 103 | K128: 12 | L128: Technokin | M128: Sensitive
A129: Arnel | B129: NPC, Rainbow Guard | C129: Animal Trainer | D129: 16 | E129: 9 | F129: 2 | G129: Keen Eyes | I129: 17 | J129: 124 | K129: 4 | L129: Human | M129: Pessimistic
A130: Arnett | B130: NPC | C130: Angler | D130: 5 | E130: 9 | F130: 6 | G130: Speedster | I130: 15 | J130: 117 | K130: 18 | L130: Luskin | M130: Sensitive
A131: Arnit | B131: NPC | C131: Animal Trainer | D131: 7 | E131: 17 | F131: 7 | G131: Observant | I131: 1 | J131: 33 | K131: 5 | L131: Ethalins | M131: Sensitive
A132: Arra | B132: NPC | C132: Chef | D132: 10 | E132: 5 | F132: 2 | G132: Truth Seeker | I132: 6 | J132: 169 | K132: 9 | L132: Human | M132: Pessimistic
A133: Arrow | B133: NPC | C133: Artist | D133: 25 | E133: 23 | F133: 5 | G133: Nimble | I133: 7 | J133: 43 | K133: 19 | L133: Goblin | M133: Greedy
A134: Arryn | B134: NPC | C134: Angler | D134: 14 | E134: 4 | F134: 2 | G134: Super Taster | I134: 15 | J134: 163 | K134: 21 | L134: Boktonian | M134: Cautious
A135: Artemis | B135: NPC | C135: Botanist | D135: 15 | E135: 14 | F135: 5 | G135: Observant | I135: 21 | J135: 107 | K135: 15 | L135: Boktonian | M135: Scared
... A196: Ayaan | B196: NPC | C196: Angler | D196: 19 | E196: 17 | F196: 5 | G196: Nimble | I196: 8 | J196: 81 | K196: 5 | L196: Bastian | M196: Scared
A197: Aydan | B197: NPC, Quest, Shop Owner | C197: Angler | D197: 21 | E197: 12 | F197: 6 | G197: Talkative | I197: 18 | J197: 69 | K197: 15 | L197: Ethalins | M197: Pessimistic | N197: Armorific (https://www.notion.so/Armorific-14508c44b7d780f99d25d133aef259ac?pvs=21)
A198: Aydrian | B198: NPC | C198: Animal Trainer | D198: 9 | E198: 24 | F198: 6 | G198: Talkative | I198: 10 | J198: 194 | K198: 5 | L198: Luskin | M198: Optimistic
A199: Aylen | B199: NPC | C199: Time Caster | D199: 9 | E199: 14 | F199: 6 | G199: Super Taster | I199: 19 | J199: 138 | K199: 9 | L199: Luskin | M199: Serious
...

Sheet Sheet1
A1: {"id": | B1: 51 | C1: ,"name":" | D1: ='NPCs bc45871df08a46b3ae7d8e083e'!A3 -> Abba | E1: ,note":"","pages":[{"conditions":{"actorId":1,"actorValid":false,"itemId":1,"itemValid":false,"selfSwitchCh":"A","selfSwitchValid":false,"switch1Id":1,"switch1Valid":false,"switch2Id":1,"switch2Valid":false,"variableId":1,"variableValid":false,"variableValue":0},"directionFix":true,"image":{"tileId":0,"characterName":"People/04-Mage","direction":2,"pattern":0,"characterIndex":0},"list":[{"code":108,"indent":0,"parameters":["iconOnMinimap:minimapIcon_Evil7"]},{"code":108,"indent":0,"parameters":["<ABS: | F1: =B1 -> 51 | G1: >"]},{"code":108,"indent":0,"parameters":["<label: NPC>"]},{"code":357,"indent":0,"parameters":["Alpha_ABSZ","ABSEventSettings","ABS Enemy Configurate",{"MainGroup":"","viewRadius":"5","returnRadius":"12","noMoveInBattle":"false","noApproach":"true","onDeath":"","onSeeTarget":"","onHit":"","expVar":"0","autoExp":"false","notAgressive":"true","teamId":"2","onDeathVar":"0","saveHp":"false","MapGroup":"","shatterEffect":"true","deadSwitch":"0","eraseOnDead":"true","heavy":"false","weaponMotionType":"0","lootDropOnDeath":"false","VisualGroup":"","UIInfo":"true","faceName":"","faceIndex":"0","miniHpGaugeStyle":"","AnimationGroup":"","hitAnimationId":"1"}]},{"code":657,"indent":0,"parameters":["Main Group = "]},{"code":657,"indent":0,"parameters":["View Radius = 5"]},{"code":657,"indent":0,"parameters":["Return Radius = 12"]},{"code":657,"indent":0,"parameters":["No Move in Battle = false"]},{"code":657,"indent":0,"parameters":["No Approach Target = true"]},{"code":657,"indent":0,"parameters":["On Death = "]},{"code":657,"indent":0,"parameters":["On See Target = "]},{"code":657,"indent":0,"parameters":["On Hit = "]},{"code":657,"indent":0,"parameters":["Exp Variable = 0"]},{"code":657,"indent":0,"parameters":["Auto Exp = false"]},{"code":657,"indent":0,"parameters":["Not Agressive = true"]},{"code":657,"indent":0,"parameters":["Team ID = 2"]},{"code":657,"indent":0,"parameters":["Death Variable = 0"]},{"code":657,"indent":0,"parameters":["Save HP = false"]},{"code":657,"indent":0,"parameters":["Map Group = "]},{"code":657,"indent":0,"parameters":["Shatter Effect? = true"]},{"code":657,"indent":0,"parameters":["Dead Switch = 0"]},{"code":657,"indent":0,"parameters":["Erase on Dead? = true"]},{"code":657,"indent":0,"parameters":["Is heavy = false"]},{"code":657,"indent":0,"parameters":["Weapon Motion Type = 0"]},{"code":657,"indent":0,"parameters":["Drop Loot = false"]},{"code":657,"indent":0,"parameters":["Visual Group = "]},{"code":657,"indent":0,"parameters":["Show UI Info? = true"]},{"code":657,"indent":0,"parameters":["Face Name = "]},{"code":657,"indent":0,"parameters":["Face Index = 0"]},{"code":657,"indent":0,"parameters":["Mini HP Gauge Style = "]},{"code":657,"indent":0,"parameters":["Animation Group = "]},{"code":657,"indent":0,"parameters":["Hit Animation = 1"]},{"code":101,"indent":0,"parameters":["ds_face01-02",5,0,2,""]},{"code":401,"indent":0,"parameters":["Hi I'm | H1: =D1 -> Abba | I1: ."]},{"code":0,"indent":0,"parameters":[]}],"moveFrequency":3,"moveRoute":{"list":[{"code":0,"parameters":[]}],"repeat":true,"skippable":false,"wait":false},"moveSpeed":3,"moveType":0,"priorityType":1,"stepAnime":false,"through":false,"trigger":0,"walkAnime":true},{"conditions":{"actorId":1,"actorValid":false,"itemId":1,"itemValid":false,"selfSwitchCh":"A","selfSwitchValid":true,"switch1Id":1,"switch1Valid":false,"switch2Id":1,"switch2Valid":false,"variableId":1,"variableValid":false,"variableValue":0},"directionFix":false,"image":{"tileId":0,"characterName":"People/04-Mage","direction":2,"pattern":0,"characterIndex":0},"list":[{"code":108,"indent":0,"parameters":["iconOnMinimap:minimapIcon_Evil7"]},{"code":108,"indent":0,"parameters":["<ABS: | J1: =B1 -> 51 | K1: >"]},{"code":108,"indent":0,"parameters":["<label: NPC>"]},{"code":357,"indent":0,"parameters":["Alpha_ABSZ","ABSEventSettings","ABS Enemy Configurate",{"MainGroup":"","viewRadius":"5","returnRadius":"12","noMoveInBattle":"false","noApproach":"true","onDeath":"","onSeeTarget":"","onHit":"","expVar":"0","autoExp":"false","notAgressive":"true","teamId":"2","onDeathVar":"0","saveHp":"false","MapGroup":"","shatterEffect":"true","deadSwitch":"0","eraseOnDead":"true","heavy":"false","weaponMotionType":"0","lootDropOnDeath":"false","VisualGroup":"","UIInfo":"true","faceName":"","faceIndex":"0","miniHpGaugeStyle":"","AnimationGroup":"","hitAnimationId":"1"}]},{"code":657,"indent":0,"parameters":["Main Group = "]},{"code":657,"indent":0,"parameters":["View Radius = 5"]},{"code":657,"indent":0,"parameters":["Return Radius = 12"]},{"code":657,"indent":0,"parameters":["No Move in Battle = false"]},{"code":657,"indent":0,"parameters":["No Approach Target = true"]},{"code":657,"indent":0,"parameters":["On Death = "]},{"code":657,"indent":0,"parameters":["On See Target = "]},{"code":657,"indent":0,"parameters":["On Hit = "]},{"code":657,"indent":0,"parameters":["Exp Variable = 0"]},{"code":657,"indent":0,"parameters":["Auto Exp = false"]},{"code":657,"indent":0,"parameters":["Not Agressive = true"]},{"code":657,"indent":0,"parameters":["Team ID = 2"]},{"code":657,"indent":0,"parameters":["Death Variable = 0"]},{"code":657,"indent":0,"parameters":["Save HP = false"]},{"code":657,"indent":0,"parameters":["Map Group = "]},{"code":657,"indent":0,"parameters":["Shatter Effect? = true"]},{"code":657,"indent":0,"parameters":["Dead Switch = 0"]},{"code":657,"indent":0,"parameters":["Erase on Dead? = true"]},{"code":657,"indent":0,"parameters":["Is heavy = false"]},{"code":657,"indent":0,"parameters":["Weapon Motion Type = 0"]},{"code":657,"indent":0,"parameters":["Drop Loot = false"]},{"code":657,"indent":0,"parameters":["Visual Group = "]},{"code":657,"indent":0,"parameters":["Show UI Info? = true"]},{"code":657,"indent":0,"parameters":["Face Name = "]},{"code":657,"indent":0,"parameters":["Face Index = 0"]},{"code":657,"indent":0,"parameters":["Mini HP Gauge Style = "]},{"code":657,"indent":0,"parameters":["Animation Group = "]},{"code":657,"indent":0,"parameters":["Hit Animation = 1"]},{"code":101,"indent":0,"parameters":["People4",5,0,2,""]},{"code":401,"indent":0,"parameters":["Hi I'm | L1: =D1 -> Abba | M1: ."]},{"code":0,"indent":0,"parameters":[]}],"moveFrequency":3,"moveRoute":{"list":[{"code":0,"parameters":[]}],"repeat":true,"skippable":false,"wait":false},"moveSpeed":3,"moveType":0,"priorityType":1,"stepAnime":false,"through":false,"trigger":0,"walkAnime":true},{"conditions":{"actorId":1,"actorValid":false,"itemId":1,"itemValid":false,"selfSwitchCh":"B","selfSwitchValid":true,"switch1Id":1,"switch1Valid":false,"switch2Id":1,"switch2Valid":false,"variableId":1,"variableValid":false,"variableValue":0},"directionFix":false,"image":{"tileId":0,"characterName":"People/04-Mage","direction":2,"pattern":0,"characterIndex":0},"list":[{"code":108,"indent":0,"parameters":["iconOnMinimap:minimapIcon_Evil7"]},{"code":108,"indent":0,"parameters":["<ABS: | N1: =B1 -> 51 | O1: >"]},{"code":108,"indent":0,"parameters":["<label: NPC>"]},{"code":357,"indent":0,"parameters":["Alpha_ABSZ","ABSEventSettings","ABS Enemy Configurate",{"MainGroup":"","viewRadius":"5","returnRadius":"12","noMoveInBattle":"false","noApproach":"true","onDeath":"","onSeeTarget":"","onHit":"","expVar":"0","autoExp":"false","notAgressive":"true","teamId":"2","onDeathVar":"0","saveHp":"false","MapGroup":"","shatterEffect":"true","deadSwitch":"0","eraseOnDead":"true","heavy":"false","weaponMotionType":"0","lootDropOnDeath":"false","VisualGroup":"","UIInfo":"true","faceName":"","faceIndex":"0","miniHpGaugeStyle":"","AnimationGroup":"","hitAnimationId":"1"}]},{"code":657,"indent":0,"parameters":["Main Group = "]},{"code":657,"indent":0,"parameters":["View Radius = 5"]},{"code":657,"indent":0,"parameters":["Return Radius = 12"]},{"code":657,"indent":0,"parameters":["No Move in Battle = false"]},{"code":657,"indent":0,"parameters":["No Approach Target = true"]},{"code":657,"indent":0,"parameters":["On Death = "]},{"code":657,"indent":0,"parameters":["On See Target = "]},{"code":657,"indent":0,"parameters":["On Hit = "]},{"code":657,"indent":0,"parameters":["Exp Variable = 0"]},{"code":657,"indent":0,"parameters":["Auto Exp = false"]},{"code":657,"indent":0,"parameters":["Not Agressive = true"]},{"code":657,"indent":0,"parameters":["Team ID = 2"]},{"code":657,"indent":0,"parameters":["Death Variable = 0"]},{"code":657,"indent":0,"parameters":["Save HP = false"]},{"code":657,"indent":0,"parameters":["Map Group = "]},{"code":657,"indent":0,"parameters":["Shatter Effect? = true"]},{"code":657,"indent":0,"parameters":["Dead Switch = 0"]},{"code":657,"indent":0,"parameters":["Erase on Dead? = true"]},{"code":657,"indent":0,"parameters":["Is heavy = false"]},{"code":657,"indent":0,"parameters":["Weapon Motion Type = 0"]},{"code":657,"indent":0,"parameters":["Drop Loot = false"]},{"code":657,"indent":0,"parameters":["Visual Group = "]},{"code":657,"indent":0,"parameters":["Show UI Info? = true"]},{"code":657,"indent":0,"parameters":["Face Name = "]},{"code":657,"indent":0,"parameters":["Face Index = 0"]},{"code":657,"indent":0,"parameters":["Mini HP Gauge Style = "]},{"code":657,"indent":0,"parameters":["Animation Group = "]},{"code":657,"indent":0,"parameters":["Hit Animation = 1"]},{"code":101,"indent":0,"parameters":["People4",5,0,2,""]},{"code":401,"indent":0,"parameters":["Hi I'm | P1: =D1 -> Abba | Q1: ."]},{"code":0,"indent":0,"parameters":[]}],"moveFrequency":3,"moveRoute":{"list":[{"code":0,"parameters":[]}],"repeat":true,"skippable":false,"wait":false},"moveSpeed":3,"moveType":0,"priorityType":1,"stepAnime":false,"through":false,"trigger":0,"walkAnime":true},{"conditions":{"actorId":1,"actorValid":false,"itemId":1,"itemValid":false,"selfSwitchCh":"C","selfSwitchValid":true,"switch1Id":1,"switch1Valid":false,"switch2Id":1,"switch2Valid":false,"variableId":1,"variableValid":false,"variableValue":0},"directionFix":false,"image":{"tileId":0,"characterName":"People/04-Mage","direction":2,"pattern":0,"characterIndex":0},"list":[{"code":108,"indent":0,"parameters":["iconOnMinimap:minimapIcon_Evil7"]},{"code":108,"indent":0,"parameters":["<ABS: | R1: =B1 -> 51 | S1: >"]},{"code":108,"indent":0,"parameters":["<label: NPC>"]},{"code":357,"indent":0,"parameters":["Alpha_ABSZ","ABSEventSettings","ABS Enemy Configurate",{"MainGroup":"","viewRadius":"5","returnRadius":"12","noMoveInBattle":"false","noApproach":"true","onDeath":"","onSeeTarget":"","onHit":"","expVar":"0","autoExp":"false","notAgressive":"true","teamId":"2","onDeathVar":"0","saveHp":"false","MapGroup":"","shatterEffect":"true","deadSwitch":"0","eraseOnDead":"true","heavy":"false","weaponMotionType":"0","lootDropOnDeath":"false","VisualGroup":"","UIInfo":"true","faceName":"","faceIndex":"0","miniHpGaugeStyle":"","AnimationGroup":"","hitAnimationId":"1"}]},{"code":657,"indent":0,"parameters":["Main Group = "]},{"code":657,"indent":0,"parameters":["View Radius = 5"]},{"code":657,"indent":0,"parameters":["Return Radius = 12"]},{"code":657,"indent":0,"parameters":["No Move in Battle = false"]},{"code":657,"indent":0,"parameters":["No Approach Target = true"]},{"code":657,"indent":0,"parameters":["On Death = "]},{"code":657,"indent":0,"parameters":["On See Target = "]},{"code":657,"indent":0,"parameters":["On Hit = "]},{"code":657,"indent":0,"parameters":["Exp Variable = 0"]},{"code":657,"indent":0,"parameters":["Auto Exp = false"]},{"code":657,"indent":0,"parameters":["Not Agressive = true"]},{"code":657,"indent":0,"parameters":["Team ID = 2"]},{"code":657,"indent":0,"parameters":["Death Variable = 0"]},{"code":657,"indent":0,"parameters":["Save HP = false"]},{"code":657,"indent":0,"parameters":["Map Group = "]},{"code":657,"indent":0,"parameters":["Shatter Effect? = true"]},{"code":657,"indent":0,"parameters":["Dead Switch = 0"]},{"code":657,"indent":0,"parameters":["Erase on Dead? = true"]},{"code":657,"indent":0,"parameters":["Is heavy = false"]},{"code":657,"indent":0,"parameters":["Weapon Motion Type = 0"]},{"code":657,"indent":0,"parameters":["Drop Loot = false"]},{"code":657,"indent":0,"parameters":["Visual Group = "]},{"code":657,"indent":0,"parameters":["Show UI Info? = true"]},{"code":657,"indent":0,"parameters":["Face Name = "]},{"code":657,"indent":0,"parameters":["Face Index = 0"]},{"code":657,"indent":0,"parameters":["Mini HP Gauge Style = "]},{"code":657,"indent":0,"parameters":["Animation Group = "]},{"code":657,"indent":0,"parameters":["Hit Animation = 1"]},{"code":101,"indent":0,"parameters":["People4",5,0,2,""]},{"code":401,"indent":0,"parameters":["Hi I'm | T1: =D1 -> Abba | U1: ."]},{"code":0,"indent":0,"parameters":[]}],"moveFrequency":3,"moveRoute":{"list":[{"code":0,"parameters":[]}],"repeat":true,"skippable":false,"wait":false},"moveSpeed":3,"moveType":0,"priorityType":1,"stepAnime":false,"through":false,"trigger":0,"walkAnime":true},{"conditions":{"actorId":1,"actorValid":false,"itemId":1,"itemValid":false,"selfSwitchCh":"D","selfSwitchValid":true,"switch1Id":1,"switch1Valid":false,"switch2Id":1,"switch2Valid":false,"variableId":1,"variableValid":false,"variableValue":0},"directionFix":false,"image":{"tileId":0,"characterName":"People/04-Mage","direction":2,"pattern":0,"characterIndex":0},"list":[{"code":108,"indent":0,"parameters":["iconOnMinimap:minimapIcon_Evil7"]},{"code":108,"indent":0,"parameters":["<ABS: | V1: =B1 -> 51 | W1: >"]},{"code":108,"indent":0,"parameters":["<label: NPC>"]},{"code":357,"indent":0,"parameters":["Alpha_ABSZ","ABSEventSettings","ABS Enemy Configurate",{"MainGroup":"","viewRadius":"5","returnRadius":"12","noMoveInBattle":"false","noApproach":"true","onDeath":"","onSeeTarget":"","onHit":"","expVar":"0","autoExp":"false","notAgressive":"true","teamId":"2","onDeathVar":"0","saveHp":"false","MapGroup":"","shatterEffect":"true","deadSwitch":"0","eraseOnDead":"true","heavy":"false","weaponMotionType":"0","lootDropOnDeath":"false","VisualGroup":"","UIInfo":"true","faceName":"","faceIndex":"0","miniHpGaugeStyle":"","AnimationGroup":"","hitAnimationId":"1"}]},{"code":657,"indent":0,"parameters":["Main Group = "]},{"code":657,"indent":0,"parameters":["View Radius = 5"]},{"code":657,"indent":0,"parameters":["Return Radius = 12"]},{"code":657,"indent":0,"parameters":["No Move in Battle = false"]},{"code":657,"indent":0,"parameters":["No Approach Target = true"]},{"code":657,"indent":0,"parameters":["On Death = "]},{"code":657,"indent":0,"parameters":["On See Target = "]},{"code":657,"indent":0,"parameters":["On Hit = "]},{"code":657,"indent":0,"parameters":["Exp Variable = 0"]},{"code":657,"indent":0,"parameters":["Auto Exp = false"]},{"code":657,"indent":0,"parameters":["Not Agressive = true"]},{"code":657,"indent":0,"parameters":["Team ID = 2"]},{"code":657,"indent":0,"parameters":["Death Variable = 0"]},{"code":657,"indent":0,"parameters":["Save HP = false"]},{"code":657,"indent":0,"parameters":["Map Group = "]},{"code":657,"indent":0,"parameters":["Shatter Effect? = true"]},{"code":657,"indent":0,"parameters":["Dead Switch = 0"]},{"code":657,"indent":0,"parameters":["Erase on Dead? = true"]},{"code":657,"indent":0,"parameters":["Is heavy = false"]},{"code":657,"indent":0,"parameters":["Weapon Motion Type = 0"]},{"code":657,"indent":0,"parameters":["Drop Loot = false"]},{"code":657,"indent":0,"parameters":["Visual Group = "]},{"code":657,"indent":0,"parameters":["Show UI Info? = true"]},{"code":657,"indent":0,"parameters":["Face Name = "]},{"code":657,"indent":0,"parameters":["Face Index = 0"]},{"code":657,"indent":0,"parameters":["Mini HP Gauge Style = "]},{"code":657,"indent":0,"parameters":["Animation Group = "]},{"code":657,"indent":0,"parameters":["Hit Animation = 1"]},{"code":101,"indent":0,"parameters":["People4",5,0,2,""]},{"code":401,"indent":0,"parameters":["Hi I'm | X1: =D1 -> Abba | Y1: ."]},{"code":0,"indent":0,"parameters":[]}],"moveFrequency":3,"moveRoute":{"list":[{"code":0,"parameters":[]}],"repeat":true,"skippable":false,"wait":false},"moveSpeed":3,"moveType":0,"priorityType":1,"stepAnime":false,"through":false,"trigger":0,"walkAnime":true},{"conditions":{"actorId":1,"actorValid":false,"itemId":1,"itemValid":false,"selfSwitchCh":"D","selfSwitchValid":true,"switch1Id":102,"switch1Valid":true,"switch2Id":1,"switch2Valid":false,"variableId":1,"variableValid":false,"variableValue":0},"directionFix":false,"image":{"tileId":0,"characterName":"People/04-Mage","direction":2,"pattern":0,"characterIndex":0},"list":[{"code":111,"indent":0,"parameters":[0,124,1]},{"code":121,"indent":1,"parameters":[124,124,0]},{"code":122,"indent":1,"parameters":[182,182,1,0,1]},{"code":357,"indent":1,"parameters":["CGMZ_PictureGallery","Discover Picture","Discover Picture",{"id":" | Z1: =D1 -> Abba | AA1: ,discover":"true"}]},{"code":657,"indent":1,"parameters":["id = | AB1: =D1 -> Abba | AC1: ]},{code":657,"indent":1,"parameters":["discover = true"]},{"code":357,"indent":1,"parameters":["CGMZ_Reputations","gainRep","Gain Reputation",{"name":"Cognet Points","category":"Social","amount":"10"}]},{"code":657,"indent":1,"parameters":["Reputation Name = Cognet Points"]},{"code":657,"indent":1,"parameters":["Reputation Category = Social"]},{"code":657,"indent":1,"parameters":["Amount = 10"]},{"code":0,"indent":1,"parameters":[]},{"code":412,"indent":0,"parameters":[]},{"code":231,"indent":0,"parameters":[100,"fes_pictures_004_4_1",0,0,240,88,100,100,255,0]},{"code":230,"indent":0,"parameters":[200]},{"code":235,"indent":0,"parameters":[100]},{"code":123,"indent":0,"parameters":["D",1]},{"code":0,"indent":0,"parameters":[]}],"moveFrequency":3,"moveRoute":{"list":[{"code":0,"parameters":[]}],"repeat":true,"skippable":false,"wait":false},"moveSpeed":3,"moveType":0,"priorityType":1,"stepAnime":false,"through":false,"trigger":4,"walkAnime":true}],"x": | AD1: 10 | AE1: ,"y": | AF1: 2 | AG1: },
A2: {"id": | B2: 52 | C2: ,"name":" | D2: ='NPCs bc45871df08a46b3ae7d8e083e'!A4 -> Abbey | E2: ,note":"","pages":[{"conditions":{"actorId":1,"actorValid":false,"itemId":1,"itemValid":false,"selfSwitchCh":"A","selfSwitchValid":false,"switch1Id":1,"switch1Valid":false,"switch2Id":1,"switch2Valid":false,"variableId":1,"variableValid":false,"variableValue":0},"directionFix":true,"image":{"tileId":0,"characterName":"People/04-Mage","direction":2,"pattern":0,"characterIndex":0},"list":[{"code":108,"indent":0,"parameters":["iconOnMinimap:minimapIcon_Evil7"]},{"code":108,"indent":0,"parameters":["<ABS: | F2: =B2 -> 52 | G2: >"]},{"code":108,"indent":0,"parameters":["<label: NPC>"]},{"code":357,"indent":0,"parameters":["Alpha_ABSZ","ABSEventSettings","ABS Enemy Configurate",{"MainGroup":"","viewRadius":"5","returnRadius":"12","noMoveInBattle":"false","noApproach":"true","onDeath":"","onSeeTarget":"","onHit":"","expVar":"0","autoExp":"false","notAgressive":"true","teamId":"2","onDeathVar":"0","saveHp":"false","MapGroup":"","shatterEffect":"true","deadSwitch":"0","eraseOnDead":"true","heavy":"false","weaponMotionType":"0","lootDropOnDeath":"false","VisualGroup":"","UIInfo":"true","faceName":"","faceIndex":"0","miniHpGaugeStyle":"","AnimationGroup":"","hitAnimationId":"1"}]},{"code":657,"indent":0,"parameters":["Main Group = "]},{"code":657,"indent":0,"parameters":["View Radius = 5"]},{"code":657,"indent":0,"parameters":["Return Radius = 12"]},{"code":657,"indent":0,"parameters":["No Move in Battle = false"]},{"code":657,"indent":0,"parameters":["No Approach Target = true"]},{"code":657,"indent":0,"parameters":["On Death = "]},{"code":657,"indent":0,"parameters":["On See Target = "]},{"code":657,"indent":0,"parameters":["On Hit = "]},{"code":657,"indent":0,"parameters":["Exp Variable = 0"]},{"code":657,"indent":0,"parameters":["Auto Exp = false"]},{"code":657,"indent":0,"parameters":["Not Agressive = true"]},{"code":657,"indent":0,"parameters":["Team ID = 2"]},{"code":657,"indent":0,"parameters":["Death Variable = 0"]},{"code":657,"indent":0,"parameters":["Save HP = false"]},{"code":657,"indent":0,"parameters":["Map Group = "]},{"code":657,"indent":0,"parameters":["Shatter Effect? = true"]},{"code":657,"indent":0,"parameters":["Dead Switch = 0"]},{"code":657,"indent":0,"parameters":["Erase on Dead? = true"]},{"code":657,"indent":0,"parameters":["Is heavy = false"]},{"code":657,"indent":0,"parameters":["Weapon Motion Type = 0"]},{"code":657,"indent":0,"parameters":["Drop Loot = false"]},{"code":657,"indent":0,"parameters":["Visual Group = "]},{"code":657,"indent":0,"parameters":["Show UI Info? = true"]},{"code":657,"indent":0,"parameters":["Face Name = "]},{"code":657,"indent":0,"parameters":["Face Index = 0"]},{"code":657,"indent":0,"parameters":["Mini HP Gauge Style = "]},{"code":657,"indent":0,"parameters":["Animation Group = "]},{"code":657,"indent":0,"parameters":["Hit Animation = 1"]},{"code":101,"indent":0,"parameters":["ds_face01-02",5,0,2,""]},{"code":401,"indent":0,"parameters":["Hi I'm | H2: =D2 -> Abbey | I2: ."]},{"code":0,"indent":0,"parameters":[]}],"moveFrequency":3,"moveRoute":{"list":[{"code":0,"parameters":[]}],"repeat":true,"skippable":false,"wait":false},"moveSpeed":3,"moveType":0,"priorityType":1,"stepAnime":false,"through":false,"trigger":0,"walkAnime":true},{"conditions":{"actorId":1,"actorValid":false,"itemId":1,"itemValid":false,"selfSwitchCh":"A","selfSwitchValid":true,"switch1Id":1,"switch1Valid":false,"switch2Id":1,"switch2Valid":false,"variableId":1,"variableValid":false,"variableValue":0},"directionFix":false,"image":{"tileId":0,"characterName":"People/04-Mage","direction":2,"pattern":0,"characterIndex":0},"list":[{"code":108,"indent":0,"parameters":["iconOnMinimap:minimapIcon_Evil7"]},{"code":108,"indent":0,"parameters":["<ABS: | J2: =B2 -> 52 | K2: >"]},{"code":108,"indent":0,"parameters":["<label: NPC>"]},{"code":357,"indent":0,"parameters":["Alpha_ABSZ","ABSEventSettings","ABS Enemy Configurate",{"MainGroup":"","viewRadius":"5","returnRadius":"12","noMoveInBattle":"false","noApproach":"true","onDeath":"","onSeeTarget":"","onHit":"","expVar":"0","autoExp":"false","notAgressive":"true","teamId":"2","onDeathVar":"0","saveHp":"false","MapGroup":"","shatterEffect":"true","deadSwitch":"0","eraseOnDead":"true","heavy":"false","weaponMotionType":"0","lootDropOnDeath":"false","VisualGroup":"","UIInfo":"true","faceName":"","faceIndex":"0","miniHpGaugeStyle":"","AnimationGroup":"","hitAnimationId":"1"}]},{"code":657,"indent":0,"parameters":["Main Group = "]},{"code":657,"indent":0,"parameters":["View Radius = 5"]},{"code":657,"indent":0,"parameters":["Return Radius = 12"]},{"code":657,"indent":0,"parameters":["No Move in Battle = false"]},{"code":657,"indent":0,"parameters":["No Approach Target = true"]},{"code":657,"indent":0,"parameters":["On Death = "]},{"code":657,"indent":0,"parameters":["On See Target = "]},{"code":657,"indent":0,"parameters":["On Hit = "]},{"code":657,"indent":0,"parameters":["Exp Variable = 0"]},{"code":657,"indent":0,"parameters":["Auto Exp = false"]},{"code":657,"indent":0,"parameters":["Not Agressive = true"]},{"code":657,"indent":0,"parameters":["Team ID = 2"]},{"code":657,"indent":0,"parameters":["Death Variable = 0"]},{"code":657,"indent":0,"parameters":["Save HP = false"]},{"code":657,"indent":0,"parameters":["Map Group = "]},{"code":657,"indent":0,"parameters":["Shatter Effect? = true"]},{"code":657,"indent":0,"parameters":["Dead Switch = 0"]},{"code":657,"indent":0,"parameters":["Erase on Dead? = true"]},{"code":657,"indent":0,"parameters":["Is heavy = false"]},{"code":657,"indent":0,"parameters":["Weapon Motion Type = 0"]},{"code":657,"indent":0,"parameters":["Drop Loot = false"]},{"code":657,"indent":0,"parameters":["Visual Group = "]},{"code":657,"indent":0,"parameters":["Show UI Info? = true"]},{"code":657,"indent":0,"parameters":["Face Name = "]},{"code":657,"indent":0,"parameters":["Face Index = 0"]},{"code":657,"indent":0,"parameters":["Mini HP Gauge Style = "]},{"code":657,"indent":0,"parameters":["Animation Group = "]},{"code":657,"indent":0,"parameters":["Hit Animation = 1"]},{"code":101,"indent":0,"parameters":["People4",5,0,2,""]},{"code":401,"indent":0,"parameters":["Hi I'm | L2: =D2 -> Abbey | M2: ."]},{"code":0,"indent":0,"parameters":[]}],"moveFrequency":3,"moveRoute":{"list":[{"code":0,"parameters":[]}],"repeat":true,"skippable":false,"wait":false},"moveSpeed":3,"moveType":0,"priorityType":1,"stepAnime":false,"through":false,"trigger":0,"walkAnime":true},{"conditions":{"actorId":1,"actorValid":false,"itemId":1,"itemValid":false,"selfSwitchCh":"B","selfSwitchValid":true,"switch1Id":1,"switch1Valid":false,"switch2Id":1,"switch2Valid":false,"variableId":1,"variableValid":false,"variableValue":0},"directionFix":false,"image":{"tileId":0,"characterName":"People/04-Mage","direction":2,"pattern":0,"characterIndex":0},"list":[{"code":108,"indent":0,"parameters":["iconOnMinimap:minimapIcon_Evil7"]},{"code":108,"indent":0,"parameters":["<ABS: | N2: =B2 -> 52 | O2: >"]},{"code":108,"indent":0,"parameters":["<label: NPC>"]},{"code":357,"indent":0,"parameters":["Alpha_ABSZ","ABSEventSettings","ABS Enemy Configurate",{"MainGroup":"","viewRadius":"5","returnRadius":"12","noMoveInBattle":"false","noApproach":"true","onDeath":"","onSeeTarget":"","onHit":"","expVar":"0","autoExp":"false","notAgressive":"true","teamId":"2","onDeathVar":"0","saveHp":"false","MapGroup":"","shatterEffect":"true","deadSwitch":"0","eraseOnDead":"true","heavy":"false","weaponMotionType":"0","lootDropOnDeath":"false","VisualGroup":"","UIInfo":"true","faceName":"","faceIndex":"0","miniHpGaugeStyle":"","AnimationGroup":"","hitAnimationId":"1"}]},{"code":657,"indent":0,"parameters":["Main Group = "]},{"code":657,"indent":0,"parameters":["View Radius = 5"]},{"code":657,"indent":0,"parameters":["Return Radius = 12"]},{"code":657,"indent":0,"parameters":["No Move in Battle = false"]},{"code":657,"indent":0,"parameters":["No Approach Target = true"]},{"code":657,"indent":0,"parameters":["On Death = "]},{"code":657,"indent":0,"parameters":["On See Target = "]},{"code":657,"indent":0,"parameters":["On Hit = "]},{"code":657,"indent":0,"parameters":["Exp Variable = 0"]},{"code":657,"indent":0,"parameters":["Auto Exp = false"]},{"code":657,"indent":0,"parameters":["Not Agressive = true"]},{"code":657,"indent":0,"parameters":["Team ID = 2"]},{"code":657,"indent":0,"parameters":["Death Variable = 0"]},{"code":657,"indent":0,"parameters":["Save HP = false"]},{"code":657,"indent":0,"parameters":["Map Group = "]},{"code":657,"indent":0,"parameters":["Shatter Effect? = true"]},{"code":657,"indent":0,"parameters":["Dead Switch = 0"]},{"code":657,"indent":0,"parameters":["Erase on Dead? = true"]},{"code":657,"indent":0,"parameters":["Is heavy = false"]},{"code":657,"indent":0,"parameters":["Weapon Motion Type = 0"]},{"code":657,"indent":0,"parameters":["Drop Loot = false"]},{"code":657,"indent":0,"parameters":["Visual Group = "]},{"code":657,"indent":0,"parameters":["Show UI Info? = true"]},{"code":657,"indent":0,"parameters":["Face Name = "]},{"code":657,"indent":0,"parameters":["Face Index = 0"]},{"code":657,"indent":0,"parameters":["Mini HP Gauge Style = "]},{"code":657,"indent":0,"parameters":["Animation Group = "]},{"code":657,"indent":0,"parameters":["Hit Animation = 1"]},{"code":101,"indent":0,"parameters":["People4",5,0,2,""]},{"code":401,"indent":0,"parameters":["Hi I'm | P2: =D2 -> Abbey | Q2: ."]},{"code":0,"indent":0,"parameters":[]}],"moveFrequency":3,"moveRoute":{"list":[{"code":0,"parameters":[]}],"repeat":true,"skippable":false,"wait":false},"moveSpeed":3,"moveType":0,"priorityType":1,"stepAnime":false,"through":false,"trigger":0,"walkAnime":true},{"conditions":{"actorId":1,"actorValid":false,"itemId":1,"itemValid":false,"selfSwitchCh":"C","selfSwitchValid":true,"switch1Id":1,"switch1Valid":false,"switch2Id":1,"switch2Valid":false,"variableId":1,"variableValid":false,"variableValue":0},"directionFix":false,"image":{"tileId":0,"characterName":"People/04-Mage","direction":2,"pattern":0,"characterIndex":0},"list":[{"code":108,"indent":0,"parameters":["iconOnMinimap:minimapIcon_Evil7"]},{"code":108,"indent":0,"parameters":["<ABS: | R2: =B2 -> 52 | S2: >"]},{"code":108,"indent":0,"parameters":["<label: NPC>"]},{"code":357,"indent":0,"parameters":["Alpha_ABSZ","ABSEventSettings","ABS Enemy Configurate",{"MainGroup":"","viewRadius":"5","returnRadius":"12","noMoveInBattle":"false","noApproach":"true","onDeath":"","onSeeTarget":"","onHit":"","expVar":"0","autoExp":"false","notAgressive":"true","teamId":"2","onDeathVar":"0","saveHp":"false","MapGroup":"","shatterEffect":"true","deadSwitch":"0","eraseOnDead":"true","heavy":"false","weaponMotionType":"0","lootDropOnDeath":"false","VisualGroup":"","UIInfo":"true","faceName":"","faceIndex":"0","miniHpGaugeStyle":"","AnimationGroup":"","hitAnimationId":"1"}]},{"code":657,"indent":0,"parameters":["Main Group = "]},{"code":657,"indent":0,"parameters":["View Radius = 5"]},{"code":657,"indent":0,"parameters":["Return Radius = 12"]},{"code":657,"indent":0,"parameters":["No Move in Battle = false"]},{"code":657,"indent":0,"parameters":["No Approach Target = true"]},{"code":657,"indent":0,"parameters":["On Death = "]},{"code":657,"indent":0,"parameters":["On See Target = "]},{"code":657,"indent":0,"parameters":["On Hit = "]},{"code":657,"indent":0,"parameters":["Exp Variable = 0"]},{"code":657,"indent":0,"parameters":["Auto Exp = false"]},{"code":657,"indent":0,"parameters":["Not Agressive = true"]},{"code":657,"indent":0,"parameters":["Team ID = 2"]},{"code":657,"indent":0,"parameters":["Death Variable = 0"]},{"code":657,"indent":0,"parameters":["Save HP = false"]},{"code":657,"indent":0,"parameters":["Map Group = "]},{"code":657,"indent":0,"parameters":["Shatter Effect? = true"]},{"code":657,"indent":0,"parameters":["Dead Switch = 0"]},{"code":657,"indent":0,"parameters":["Erase on Dead? = true"]},{"code":657,"indent":0,"parameters":["Is heavy = false"]},{"code":657,"indent":0,"parameters":["Weapon Motion Type = 0"]},{"code":657,"indent":0,"parameters":["Drop Loot = false"]},{"code":657,"indent":0,"parameters":["Visual Group = "]},{"code":657,"indent":0,"parameters":["Show UI Info? = true"]},{"code":657,"indent":0,"parameters":["Face Name = "]},{"code":657,"indent":0,"parameters":["Face Index = 0"]},{"code":657,"indent":0,"parameters":["Mini HP Gauge Style = "]},{"code":657,"indent":0,"parameters":["Animation Group = "]},{"code":657,"indent":0,"parameters":["Hit Animation = 1"]},{"code":101,"indent":0,"parameters":["People4",5,0,2,""]},{"code":401,"indent":0,"parameters":["Hi I'm | T2: =D2 -> Abbey | U2: ."]},{"code":0,"indent":0,"parameters":[]}],"moveFrequency":3,"moveRoute":{"list":[{"code":0,"parameters":[]}],"repeat":true,"skippable":false,"wait":false},"moveSpeed":3,"moveType":0,"priorityType":1,"stepAnime":false,"through":false,"trigger":0,"walkAnime":true},{"conditions":{"actorId":1,"actorValid":false,"itemId":1,"itemValid":false,"selfSwitchCh":"D","selfSwitchValid":true,"switch1Id":1,"switch1Valid":false,"switch2Id":1,"switch2Valid":false,"variableId":1,"variableValid":false,"variableValue":0},"directionFix":false,"image":{"tileId":0,"characterName":"People/04-Mage","direction":2,"pattern":0,"characterIndex":0},"list":[{"code":108,"indent":0,"parameters":["iconOnMinimap:minimapIcon_Evil7"]},{"code":108,"indent":0,"parameters":["<ABS: | V2: =B2 -> 52 | W2: >"]},{"code":108,"indent":0,"parameters":["<label: NPC>"]},{"code":357,"indent":0,"parameters":["Alpha_ABSZ","ABSEventSettings","ABS Enemy Configurate",{"MainGroup":"","viewRadius":"5","returnRadius":"12","noMoveInBattle":"false","noApproach":"true","onDeath":"","onSeeTarget":"","onHit":"","expVar":"0","autoExp":"false","notAgressive":"true","teamId":"2","onDeathVar":"0","saveHp":"false","MapGroup":"","shatterEffect":"true","deadSwitch":"0","eraseOnDead":"true","heavy":"false","weaponMotionType":"0","lootDropOnDeath":"false","VisualGroup":"","UIInfo":"true","faceName":"","faceIndex":"0","miniHpGaugeStyle":"","AnimationGroup":"","hitAnimationId":"1"}]},{"code":657,"indent":0,"parameters":["Main Group = "]},{"code":657,"indent":0,"parameters":["View Radius = 5"]},{"code":657,"indent":0,"parameters":["Return Radius = 12"]},{"code":657,"indent":0,"parameters":["No Move in Battle = false"]},{"code":657,"indent":0,"parameters":["No Approach Target = true"]},{"code":657,"indent":0,"parameters":["On Death = "]},{"code":657,"indent":0,"parameters":["On See Target = "]},{"code":657,"indent":0,"parameters":["On Hit = "]},{"code":657,"indent":0,"parameters":["Exp Variable = 0"]},{"code":657,"indent":0,"parameters":["Auto Exp = false"]},{"code":657,"indent":0,"parameters":["Not Agressive = true"]},{"code":657,"indent":0,"parameters":["Team ID = 2"]},{"code":657,"indent":0,"parameters":["Death Variable = 0"]},{"code":657,"indent":0,"parameters":["Save HP = false"]},{"code":657,"indent":0,"parameters":["Map Group = "]},{"code":657,"indent":0,"parameters":["Shatter Effect? = true"]},{"code":657,"indent":0,"parameters":["Dead Switch = 0"]},{"code":657,"indent":0,"parameters":["Erase on Dead? = true"]},{"code":657,"indent":0,"parameters":["Is heavy = false"]},{"code":657,"indent":0,"parameters":["Weapon Motion Type = 0"]},{"code":657,"indent":0,"parameters":["Drop Loot = false"]},{"code":657,"indent":0,"parameters":["Visual Group = "]},{"code":657,"indent":0,"parameters":["Show UI Info? = true"]},{"code":657,"indent":0,"parameters":["Face Name = "]},{"code":657,"indent":0,"parameters":["Face Index = 0"]},{"code":657,"indent":0,"parameters":["Mini HP Gauge Style = "]},{"code":657,"indent":0,"parameters":["Animation Group = "]},{"code":657,"indent":0,"parameters":["Hit Animation = 1"]},{"code":101,"indent":0,"parameters":["People4",5,0,2,""]},{"code":401,"indent":0,"parameters":["Hi I'm | X2: =D2 -> Abbey | Y2: ."]},{"code":0,"indent":0,"parameters":[]}],"moveFrequency":3,"moveRoute":{"list":[{"code":0,"parameters":[]}],"repeat":true,"skippable":false,"wait":false},"moveSpeed":3,"moveType":0,"priorityType":1,"stepAnime":false,"through":false,"trigger":0,"walkAnime":true},{"conditions":{"actorId":1,"actorValid":false,"itemId":1,"itemValid":false,"selfSwitchCh":"D","selfSwitchValid":true,"switch1Id":102,"switch1Valid":true,"switch2Id":1,"switch2Valid":false,"variableId":1,"variableValid":false,"variableValue":0},"directionFix":false,"image":{"tileId":0,"characterName":"People/04-Mage","direction":2,"pattern":0,"characterIndex":0},"list":[{"code":111,"indent":0,"parameters":[0,124,1]},{"code":121,"indent":1,"parameters":[124,124,0]},{"code":122,"indent":1,"parameters":[182,182,1,0,1]},{"code":357,"indent":1,"parameters":["CGMZ_PictureGallery","Discover Picture","Discover Picture",{"id":" | Z2: =D2 -> Abbey | AA2: ,discover":"true"}]},{"code":657,"indent":1,"parameters":["id = | AB2: =D2 -> Abbey | AC2: ]},{code":657,"indent":1,"parameters":["discover = true"]},{"code":357,"indent":1,"parameters":["CGMZ_Reputations","gainRep","Gain Reputation",{"name":"Cognet Points","category":"Social","amount":"10"}]},{"code":657,"indent":1,"parameters":["Reputation Name = Cognet Points"]},{"code":657,"indent":1,"parameters":["Reputation Category = Social"]},{"code":657,"indent":1,"parameters":["Amount = 10"]},{"code":0,"indent":1,"parameters":[]},{"code":412,"indent":0,"parameters":[]},{"code":231,"indent":0,"parameters":[100,"fes_pictures_004_4_1",0,0,240,88,100,100,255,0]},{"code":230,"indent":0,"parameters":[200]},{"code":235,"indent":0,"parameters":[100]},{"code":123,"indent":0,"parameters":["D",1]},{"code":0,"indent":0,"parameters":[]}],"moveFrequency":3,"moveRoute":{"list":[{"code":0,"parameters":[]}],"repeat":true,"skippable":false,"wait":false},"moveSpeed":3,"moveType":0,"priorityType":1,"stepAnime":false,"through":false,"trigger":4,"walkAnime":true}],"x": | AD2: =IF(AD1+1<=19,AD1+1,IF(AD1+1>=20,0,AD1+1)) -> 11 | AE2: ,"y": | AF2: =IF(AD2=0,AF1+1,AF1) -> 2 | AG2: },
A3: {"id": | B3: 53 | C3: ,"name":" | D3: ='NPCs bc45871df08a46b3ae7d8e083e'!A5 -> Abella | E3: ,note":"","pages":[{"conditions":{"actorId":1,"actorValid":false,"itemId":1,"itemValid":false,"selfSwitchCh":"A","selfSwitchValid":false,"switch1Id":1,"switch1Valid":false,"switch2Id":1,"switch2Valid":false,"variableId":1,"variableValid":false,"variableValue":0},"directionFix":true,"image":{"tileId":0,"characterName":"People/04-Mage","direction":2,"pattern":0,"characterIndex":0},"list":[{"code":108,"indent":0,"parameters":["iconOnMinimap:minimapIcon_Evil7"]},{"code":108,"indent":0,"parameters":["<ABS: | F3: =B3 -> 53 | G3: >"]},{"code":108,"indent":0,"parameters":["<label: NPC>"]},{"code":357,"indent":0,"parameters":["Alpha_ABSZ","ABSEventSettings","ABS Enemy Configurate",{"MainGroup":"","viewRadius":"5","returnRadius":"12","noMoveInBattle":"false","noApproach":"true","onDeath":"","onSeeTarget":"","onHit":"","expVar":"0","autoExp":"false","notAgressive":"true","teamId":"2","onDeathVar":"0","saveHp":"false","MapGroup":"","shatterEffect":"true","deadSwitch":"0","eraseOnDead":"true","heavy":"false","weaponMotionType":"0","lootDropOnDeath":"false","VisualGroup":"","UIInfo":"true","faceName":"","faceIndex":"0","miniHpGaugeStyle":"","AnimationGroup":"","hitAnimationId":"1"}]},{"code":657,"indent":0,"parameters":["Main Group = "]},{"code":657,"indent":0,"parameters":["View Radius = 5"]},{"code":657,"indent":0,"parameters":["Return Radius = 12"]},{"code":657,"indent":0,"parameters":["No Move in Battle = false"]},{"code":657,"indent":0,"parameters":["No Approach Target = true"]},{"code":657,"indent":0,"parameters":["On Death = "]},{"code":657,"indent":0,"parameters":["On See Target = "]},{"code":657,"indent":0,"parameters":["On Hit = "]},{"code":657,"indent":0,"parameters":["Exp Variable = 0"]},{"code":657,"indent":0,"parameters":["Auto Exp = false"]},{"code":657,"indent":0,"parameters":["Not Agressive = true"]},{"code":657,"indent":0,"parameters":["Team ID = 2"]},{"code":657,"indent":0,"parameters":["Death Variable = 0"]},{"code":657,"indent":0,"parameters":["Save HP = false"]},{"code":657,"indent":0,"parameters":["Map Group = "]},{"code":657,"indent":0,"parameters":["Shatter Effect? = true"]},{"code":657,"indent":0,"parameters":["Dead Switch = 0"]},{"code":657,"indent":0,"parameters":["Erase on Dead? = true"]},{"code":657,"indent":0,"parameters":["Is heavy = false"]},{"code":657,"indent":0,"parameters":["Weapon Motion Type = 0"]},{"code":657,"indent":0,"parameters":["Drop Loot = false"]},{"code":657,"indent":0,"parameters":["Visual Group = "]},{"code":657,"indent":0,"parameters":["Show UI Info? = true"]},{"code":657,"indent":0,"parameters":["Face Name = "]},{"code":657,"indent":0,"parameters":["Face Index = 0"]},{"code":657,"indent":0,"parameters":["Mini HP Gauge Style = "]},{"code":657,"indent":0,"parameters":["Animation Group = "]},{"code":657,"indent":0,"parameters":["Hit Animation = 1"]},{"code":101,"indent":0,"parameters":["ds_face01-02",5,0,2,""]},{"code":401,"indent":0,"parameters":["Hi I'm | H3: =D3 -> Abella | I3: ."]},{"code":0,"indent":0,"parameters":[]}],"moveFrequency":3,"moveRoute":{"list":[{"code":0,"parameters":[]}],"repeat":true,"skippable":false,"wait":false},"moveSpeed":3,"moveType":0,"priorityType":1,"stepAnime":false,"through":false,"trigger":0,"walkAnime":true},{"conditions":{"actorId":1,"actorValid":false,"itemId":1,"itemValid":false,"selfSwitchCh":"A","selfSwitchValid":true,"switch1Id":1,"switch1Valid":false,"switch2Id":1,"switch2Valid":false,"variableId":1,"variableValid":false,"variableValue":0},"directionFix":false,"image":{"tileId":0,"characterName":"People/04-Mage","direction":2,"pattern":0,"characterIndex":0},"list":[{"code":108,"indent":0,"parameters":["iconOnMinimap:minimapIcon_Evil7"]},{"code":108,"indent":0,"parameters":["<ABS: | J3: =B3 -> 53 | K3: >"]},{"code":108,"indent":0,"parameters":["<label: NPC>"]},{"code":357,"indent":0,"parameters":["Alpha_ABSZ","ABSEventSettings","ABS Enemy Configurate",{"MainGroup":"","viewRadius":"5","returnRadius":"12","noMoveInBattle":"false","noApproach":"true","onDeath":"","onSeeTarget":"","onHit":"","expVar":"0","autoExp":"false","notAgressive":"true","teamId":"2","onDeathVar":"0","saveHp":"false","MapGroup":"","shatterEffect":"true","deadSwitch":"0","eraseOnDead":"true","heavy":"false","weaponMotionType":"0","lootDropOnDeath":"false","VisualGroup":"","UIInfo":"true","faceName":"","faceIndex":"0","miniHpGaugeStyle":"","AnimationGroup":"","hitAnimationId":"1"}]},{"code":657,"indent":0,"parameters":["Main Group = "]},{"code":657,"indent":0,"parameters":["View Radius = 5"]},{"code":657,"indent":0,"parameters":["Return Radius = 12"]},{"code":657,"indent":0,"parameters":["No Move in Battle = false"]},{"code":657,"indent":0,"parameters":["No Approach Target = true"]},{"code":657,"indent":0,"parameters":["On Death = "]},{"code":657,"indent":0,"parameters":["On See Target = "]},{"code":657,"indent":0,"parameters":["On Hit = "]},{"code":657,"indent":0,"parameters":["Exp Variable = 0"]},{"code":657,"indent":0,"parameters":["Auto Exp = false"]},{"code":657,"indent":0,"parameters":["Not Agressive = true"]},{"code":657,"indent":0,"parameters":["Team ID = 2"]},{"code":657,"indent":0,"parameters":["Death Variable = 0"]},{"code":657,"indent":0,"parameters":["Save HP = false"]},{"code":657,"indent":0,"parameters":["Map Group = "]},{"code":657,"indent":0,"parameters":["Shatter Effect? = true"]},{"code":657,"indent":0,"parameters":["Dead Switch = 0"]},{"code":657,"indent":0,"parameters":["Erase on Dead? = true"]},{"code":657,"indent":0,"parameters":["Is heavy = false"]},{"code":657,"indent":0,"parameters":["Weapon Motion Type = 0"]},{"code":657,"indent":0,"parameters":["Drop Loot = false"]},{"code":657,"indent":0,"parameters":["Visual Group = "]},{"code":657,"indent":0,"parameters":["Show UI Info? = true"]},{"code":657,"indent":0,"parameters":["Face Name = "]},{"code":657,"indent":0,"parameters":["Face Index = 0"]},{"code":657,"indent":0,"parameters":["Mini HP Gauge Style = "]},{"code":657,"indent":0,"parameters":["Animation Group = "]},{"code":657,"indent":0,"parameters":["Hit Animation = 1"]},{"code":101,"indent":0,"parameters":["People4",5,0,2,""]},{"code":401,"indent":0,"parameters":["Hi I'm | L3: =D3 -> Abella | M3: ."]},{"code":0,"indent":0,"parameters":[]}],"moveFrequency":3,"moveRoute":{"list":[{"code":0,"parameters":[]}],"repeat":true,"skippable":false,"wait":false},"moveSpeed":3,"moveType":0,"priorityType":1,"stepAnime":false,"through":false,"trigger":0,"walkAnime":true},{"conditions":{"actorId":1,"actorValid":false,"itemId":1,"itemValid":false,"selfSwitchCh":"B","selfSwitchValid":true,"switch1Id":1,"switch1Valid":false,"switch2Id":1,"switch2Valid":false,"variableId":1,"variableValid":false,"variableValue":0},"directionFix":false,"image":{"tileId":0,"characterName":"People/04-Mage","direction":2,"pattern":0,"characterIndex":0},"list":[{"code":108,"indent":0,"parameters":["iconOnMinimap:minimapIcon_Evil7"]},{"code":108,"indent":0,"parameters":["<ABS: | N3: =B3 -> 53 | O3: >"]},{"code":108,"indent":0,"parameters":["<label: NPC>"]},{"code":357,"indent":0,"parameters":["Alpha_ABSZ","ABSEventSettings","ABS Enemy Configurate",{"MainGroup":"","viewRadius":"5","returnRadius":"12","noMoveInBattle":"false","noApproach":"true","onDeath":"","onSeeTarget":"","onHit":"","expVar":"0","autoExp":"false","notAgressive":"true","teamId":"2","onDeathVar":"0","saveHp":"false","MapGroup":"","shatterEffect":"true","deadSwitch":"0","eraseOnDead":"true","heavy":"false","weaponMotionType":"0","lootDropOnDeath":"false","VisualGroup":"","UIInfo":"true","faceName":"","faceIndex":"0","miniHpGaugeStyle":"","AnimationGroup":"","hitAnimationId":"1"}]},{"code":657,"indent":0,"parameters":["Main Group = "]},{"code":657,"indent":0,"parameters":["View Radius = 5"]},{"code":657,"indent":0,"parameters":["Return Radius = 12"]},{"code":657,"indent":0,"parameters":["No Move in Battle = false"]},{"code":657,"indent":0,"parameters":["No Approach Target = true"]},{"code":657,"indent":0,"parameters":["On Death = "]},{"code":657,"indent":0,"parameters":["On See Target = "]},{"code":657,"indent":0,"parameters":["On Hit = "]},{"code":657,"indent":0,"parameters":["Exp Variable = 0"]},{"code":657,"indent":0,"parameters":["Auto Exp = false"]},{"code":657,"indent":0,"parameters":["Not Agressive = true"]},{"code":657,"indent":0,"parameters":["Team ID = 2"]},{"code":657,"indent":0,"parameters":["Death Variable = 0"]},{"code":657,"indent":0,"parameters":["Save HP = false"]},{"code":657,"indent":0,"parameters":["Map Group = "]},{"code":657,"indent":0,"parameters":["Shatter Effect? = true"]},{"code":657,"indent":0,"parameters":["Dead Switch = 0"]},{"code":657,"indent":0,"parameters":["Erase on Dead? = true"]},{"code":657,"indent":0,"parameters":["Is heavy = false"]},{"code":657,"indent":0,"parameters":["Weapon Motion Type = 0"]},{"code":657,"indent":0,"parameters":["Drop Loot = false"]},{"code":657,"indent":0,"parameters":["Visual Group = "]},{"code":657,"indent":0,"parameters":["Show UI Info? = true"]},{"code":657,"indent":0,"parameters":["Face Name = "]},{"code":657,"indent":0,"parameters":["Face Index = 0"]},{"code":657,"indent":0,"parameters":["Mini HP Gauge Style = "]},{"code":657,"indent":0,"parameters":["Animation Group = "]},{"code":657,"indent":0,"parameters":["Hit Animation = 1"]},{"code":101,"indent":0,"parameters":["People4",5,0,2,""]},{"code":401,"indent":0,"parameters":["Hi I'm | P3: =D3 -> Abella | Q3: ."]},{"code":0,"indent":0,"parameters":[]}],"moveFrequency":3,"moveRoute":{"list":[{"code":0,"parameters":[]}],"repeat":true,"skippable":false,"wait":false},"moveSpeed":3,"moveType":0,"priorityType":1,"stepAnime":false,"through":false,"trigger":0,"walkAnime":true},{"conditions":{"actorId":1,"actorValid":false,"itemId":1,"itemValid":false,"selfSwitchCh":"C","selfSwitchValid":true,"switch1Id":1,"switch1Valid":false,"switch2Id":1,"switch2Valid":false,"variableId":1,"variableValid":false,"variableValue":0},"directionFix":false,"image":{"tileId":0,"characterName":"People/04-Mage","direction":2,"pattern":0,"characterIndex":0},"list":[{"code":108,"indent":0,"parameters":["iconOnMinimap:minimapIcon_Evil7"]},{"code":108,"indent":0,"parameters":["<ABS: | R3: =B3 -> 53 | S3: >"]},{"code":108,"indent":0,"parameters":["<label: NPC>"]},{"code":357,"indent":0,"parameters":["Alpha_ABSZ","ABSEventSettings","ABS Enemy Configurate",{"MainGroup":"","viewRadius":"5","returnRadius":"12","noMoveInBattle":"false","noApproach":"true","onDeath":"","onSeeTarget":"","onHit":"","expVar":"0","autoExp":"false","notAgressive":"true","teamId":"2","onDeathVar":"0","saveHp":"false","MapGroup":"","shatterEffect":"true","deadSwitch":"0","eraseOnDead":"true","heavy":"false","weaponMotionType":"0","lootDropOnDeath":"false","VisualGroup":"","UIInfo":"true","faceName":"","faceIndex":"0","miniHpGaugeStyle":"","AnimationGroup":"","hitAnimationId":"1"}]},{"code":657,"indent":0,"parameters":["Main Group = "]},{"code":657,"indent":0,"parameters":["View Radius = 5"]},{"code":657,"indent":0,"parameters":["Return Radius = 12"]},{"code":657,"indent":0,"parameters":["No Move in Battle = false"]},{"code":657,"indent":0,"parameters":["No Approach Target = true"]},{"code":657,"indent":0,"parameters":["On Death = "]},{"code":657,"indent":0,"parameters":["On See Target = "]},{"code":657,"indent":0,"parameters":["On Hit = "]},{"code":657,"indent":0,"parameters":["Exp Variable = 0"]},{"code":657,"indent":0,"parameters":["Auto Exp = false"]},{"code":657,"indent":0,"parameters":["Not Agressive = true"]},{"code":657,"indent":0,"parameters":["Team ID = 2"]},{"code":657,"indent":0,"parameters":["Death Variable = 0"]},{"code":657,"indent":0,"parameters":["Save HP = false"]},{"code":657,"indent":0,"parameters":["Map Group = "]},{"code":657,"indent":0,"parameters":["Shatter Effect? = true"]},{"code":657,"indent":0,"parameters":["Dead Switch = 0"]},{"code":657,"indent":0,"parameters":["Erase on Dead? = true"]},{"code":657,"indent":0,"parameters":["Is heavy = false"]},{"code":657,"indent":0,"parameters":["Weapon Motion Type = 0"]},{"code":657,"indent":0,"parameters":["Drop Loot = false"]},{"code":657,"indent":0,"parameters":["Visual Group = "]},{"code":657,"indent":0,"parameters":["Show UI Info? = true"]},{"code":657,"indent":0,"parameters":["Face Name = "]},{"code":657,"indent":0,"parameters":["Face Index = 0"]},{"code":657,"indent":0,"parameters":["Mini HP Gauge Style = "]},{"code":657,"indent":0,"parameters":["Animation Group = "]},{"code":657,"indent":0,"parameters":["Hit Animation = 1"]},{"code":101,"indent":0,"parameters":["People4",5,0,2,""]},{"code":401,"indent":0,"parameters":["Hi I'm | T3: =D3 -> Abella | U3: ."]},{"code":0,"indent":0,"parameters":[]}],"moveFrequency":3,"moveRoute":{"list":[{"code":0,"parameters":[]}],"repeat":true,"skippable":false,"wait":false},"moveSpeed":3,"moveType":0,"priorityType":1,"stepAnime":false,"through":false,"trigger":0,"walkAnime":true},{"conditions":{"actorId":1,"actorValid":false,"itemId":1,"itemValid":false,"selfSwitchCh":"D","selfSwitchValid":true,"switch1Id":1,"switch1Valid":false,"switch2Id":1,"switch2Valid":false,"variableId":1,"variableValid":false,"variableValue":0},"directionFix":false,"image":{"tileId":0,"characterName":"People/04-Mage","direction":2,"pattern":0,"characterIndex":0},"list":[{"code":108,"indent":0,"parameters":["iconOnMinimap:minimapIcon_Evil7"]},{"code":108,"indent":0,"parameters":["<ABS: | V3: =B3 -> 53 | W3: >"]},{"code":108,"indent":0,"parameters":["<label: NPC>"]},{"code":357,"indent":0,"parameters":["Alpha_ABSZ","ABSEventSettings","ABS Enemy Configurate",{"MainGroup":"","viewRadius":"5","returnRadius":"12","noMoveInBattle":"false","noApproach":"true","onDeath":"","onSeeTarget":"","onHit":"","expVar":"0","autoExp":"false","notAgressive":"true","teamId":"2","onDeathVar":"0","saveHp":"false","MapGroup":"","shatterEffect":"true","deadSwitch":"0","eraseOnDead":"true","heavy":"false","weaponMotionType":"0","lootDropOnDeath":"false","VisualGroup":"","UIInfo":"true","faceName":"","faceIndex":"0","miniHpGaugeStyle":"","AnimationGroup":"","hitAnimationId":"1"}]},{"code":657,"indent":0,"parameters":["Main Group = "]},{"code":657,"indent":0,"parameters":["View Radius = 5"]},{"code":657,"indent":0,"parameters":["Return Radius = 12"]},{"code":657,"indent":0,"parameters":["No Move in Battle = false"]},{"code":657,"indent":0,"parameters":["No Approach Target = true"]},{"code":657,"indent":0,"parameters":["On Death = "]},{"code":657,"indent":0,"parameters":["On See Target = "]},{"code":657,"indent":0,"parameters":["On Hit = "]},{"code":657,"indent":0,"parameters":["Exp Variable = 0"]},{"code":657,"indent":0,"parameters":["Auto Exp = false"]},{"code":657,"indent":0,"parameters":["Not Agressive = true"]},{"code":657,"indent":0,"parameters":["Team ID = 2"]},{"code":657,"indent":0,"parameters":["Death Variable = 0"]},{"code":657,"indent":0,"parameters":["Save HP = false"]},{"code":657,"indent":0,"parameters":["Map Group = "]},{"code":657,"indent":0,"parameters":["Shatter Effect? = true"]},{"code":657,"indent":0,"parameters":["Dead Switch = 0"]},{"code":657,"indent":0,"parameters":["Erase on Dead? = true"]},{"code":657,"indent":0,"parameters":["Is heavy = false"]},{"code":657,"indent":0,"parameters":["Weapon Motion Type = 0"]},{"code":657,"indent":0,"parameters":["Drop Loot = false"]},{"code":657,"indent":0,"parameters":["Visual Group = "]},{"code":657,"indent":0,"parameters":["Show UI Info? = true"]},{"code":657,"indent":0,"parameters":["Face Name = "]},{"code":657,"indent":0,"parameters":["Face Index = 0"]},{"code":657,"indent":0,"parameters":["Mini HP Gauge Style = "]},{"code":657,"indent":0,"parameters":["Animation Group = "]},{"code":657,"indent":0,"parameters":["Hit Animation = 1"]},{"code":101,"indent":0,"parameters":["People4",5,0,2,""]},{"code":401,"indent":0,"parameters":["Hi I'm | X3: =D3 -> Abella | Y3: ."]},{"code":0,"indent":0,"parameters":[]}],"moveFrequency":3,"moveRoute":{"list":[{"code":0,"parameters":[]}],"repeat":true,"skippable":false,"wait":false},"moveSpeed":3,"moveType":0,"priorityType":1,"stepAnime":false,"through":false,"trigger":0,"walkAnime":true},{"conditions":{"actorId":1,"actorValid":false,"itemId":1,"itemValid":false,"selfSwitchCh":"D","selfSwitchValid":true,"switch1Id":102,"switch1Valid":true,"switch2Id":1,"switch2Valid":false,"variableId":1,"variableValid":false,"variableValue":0},"directionFix":false,"image":{"tileId":0,"characterName":"People/04-Mage","direction":2,"pattern":0,"characterIndex":0},"list":[{"code":111,"indent":0,"parameters":[0,124,1]},{"code":121,"indent":1,"parameters":[124,124,0]},{"code":122,"indent":1,"parameters":[182,182,1,0,1]},{"code":357,"indent":1,"parameters":["CGMZ_PictureGallery","Discover Picture","Discover Picture",{"id":" | Z3: =D3 -> Abella | AA3: ,discover":"true"}]},{"code":657,"indent":1,"parameters":["id = | AB3: =D3 -> Abella | AC3: ]},{code":657,"indent":1,"parameters":["discover = true"]},{"code":357,"indent":1,"parameters":["CGMZ_Reputations","gainRep","Gain Reputation",{"name":"Cognet Points","category":"Social","amount":"10"}]},{"code":657,"indent":1,"parameters":["Reputation Name = Cognet Points"]},{"code":657,"indent":1,"parameters":["Reputation Category = Social"]},{"code":657,"indent":1,"parameters":["Amount = 10"]},{"code":0,"indent":1,"parameters":[]},{"code":412,"indent":0,"parameters":[]},{"code":231,"indent":0,"parameters":[100,"fes_pictures_004_4_1",0,0,240,88,100,100,255,0]},{"code":230,"indent":0,"parameters":[200]},{"code":235,"indent":0,"parameters":[100]},{"code":123,"indent":0,"parameters":["D",1]},{"code":0,"indent":0,"parameters":[]}],"moveFrequency":3,"moveRoute":{"list":[{"code":0,"parameters":[]}],"repeat":true,"skippable":false,"wait":false},"moveSpeed":3,"moveType":0,"priorityType":1,"stepAnime":false,"through":false,"trigger":4,"walkAnime":true}],"x": | AD3: =IF(AD2+1<=19,AD2+1,IF(AD2+1>=20,0,AD2+1)) -> 12 | AE3: ,"y": | AF3: =IF(AD3=0,AF2+1,AF2) -> 2 | AG3: },
A4: {"id": | B4: 54 | C4: ,"name":" | D4: ='NPCs bc45871df08a46b3ae7d8e083e'!A6 -> Abie | E4: ,note":"","pages":[{"conditions":{"actorId":1,"actorValid":false,"itemId":1,"itemValid":false,"selfSwitchCh":"A","selfSwitchValid":false,"switch1Id":1,"switch1Valid":false,"switch2Id":1,"switch2Valid":false,"variableId":1,"variableValid":false,"variableValue":0},"directionFix":true,"image":{"tileId":0,"characterName":"People/04-Mage","direction":2,"pattern":0,"characterIndex":0},"list":[{"code":108,"indent":0,"parameters":["iconOnMinimap:minimapIcon_Evil7"]},{"code":108,"indent":0,"parameters":["<ABS: | F4: =B4 -> 54 | G4: >"]},{"code":108,"indent":0,"parameters":["<label: NPC>"]},{"code":357,"indent":0,"parameters":["Alpha_ABSZ","ABSEventSettings","ABS Enemy Configurate",{"MainGroup":"","viewRadius":"5","returnRadius":"12","noMoveInBattle":"false","noApproach":"true","onDeath":"","onSeeTarget":"","onHit":"","expVar":"0","autoExp":"false","notAgressive":"true","teamId":"2","onDeathVar":"0","saveHp":"false","MapGroup":"","shatterEffect":"true","deadSwitch":"0","eraseOnDead":"true","heavy":"false","weaponMotionType":"0","lootDropOnDeath":"false","VisualGroup":"","UIInfo":"true","faceName":"","faceIndex":"0","miniHpGaugeStyle":"","AnimationGroup":"","hitAnimationId":"1"}]},{"code":657,"indent":0,"parameters":["Main Group = "]},{"code":657,"indent":0,"parameters":["View Radius = 5"]},{"code":657,"indent":0,"parameters":["Return Radius = 12"]},{"code":657,"indent":0,"parameters":["No Move in Battle = false"]},{"code":657,"indent":0,"parameters":["No Approach Target = true"]},{"code":657,"indent":0,"parameters":["On Death = "]},{"code":657,"indent":0,"parameters":["On See Target = "]},{"code":657,"indent":0,"parameters":["On Hit = "]},{"code":657,"indent":0,"parameters":["Exp Variable = 0"]},{"code":657,"indent":0,"parameters":["Auto Exp = false"]},{"code":657,"indent":0,"parameters":["Not Agressive = true"]},{"code":657,"indent":0,"parameters":["Team ID = 2"]},{"code":657,"indent":0,"parameters":["Death Variable = 0"]},{"code":657,"indent":0,"parameters":["Save HP = false"]},{"code":657,"indent":0,"parameters":["Map Group = "]},{"code":657,"indent":0,"parameters":["Shatter Effect? = true"]},{"code":657,"indent":0,"parameters":["Dead Switch = 0"]},{"code":657,"indent":0,"parameters":["Erase on Dead? = true"]},{"code":657,"indent":0,"parameters":["Is heavy = false"]},{"code":657,"indent":0,"parameters":["Weapon Motion Type = 0"]},{"code":657,"indent":0,"parameters":["Drop Loot = false"]},{"code":657,"indent":0,"parameters":["Visual Group = "]},{"code":657,"indent":0,"parameters":["Show UI Info? = true"]},{"code":657,"indent":0,"parameters":["Face Name = "]},{"code":657,"indent":0,"parameters":["Face Index = 0"]},{"code":657,"indent":0,"parameters":["Mini HP Gauge Style = "]},{"code":657,"indent":0,"parameters":["Animation Group = "]},{"code":657,"indent":0,"parameters":["Hit Animation = 1"]},{"code":101,"indent":0,"parameters":["ds_face01-02",5,0,2,""]},{"code":401,"indent":0,"parameters":["Hi I'm | H4: =D4 -> Abie | I4: ."]},{"code":0,"indent":0,"parameters":[]}],"moveFrequency":3,"moveRoute":{"list":[{"code":0,"parameters":[]}],"repeat":true,"skippable":false,"wait":false},"moveSpeed":3,"moveType":0,"priorityType":1,"stepAnime":false,"through":false,"trigger":0,"walkAnime":true},{"conditions":{"actorId":1,"actorValid":false,"itemId":1,"itemValid":false,"selfSwitchCh":"A","selfSwitchValid":true,"switch1Id":1,"switch1Valid":false,"switch2Id":1,"switch2Valid":false,"variableId":1,"variableValid":false,"variableValue":0},"directionFix":false,"image":{"tileId":0,"characterName":"People/04-Mage","direction":2,"pattern":0,"characterIndex":0},"list":[{"code":108,"indent":0,"parameters":["iconOnMinimap:minimapIcon_Evil7"]},{"code":108,"indent":0,"parameters":["<ABS: | J4: =B4 -> 54 | K4: >"]},{"code":108,"indent":0,"parameters":["<label: NPC>"]},{"code":357,"indent":0,"parameters":["Alpha_ABSZ","ABSEventSettings","ABS Enemy Configurate",{"MainGroup":"","viewRadius":"5","returnRadius":"12","noMoveInBattle":"false","noApproach":"true","onDeath":"","onSeeTarget":"","onHit":"","expVar":"0","autoExp":"false","notAgressive":"true","teamId":"2","onDeathVar":"0","saveHp":"false","MapGroup":"","shatterEffect":"true","deadSwitch":"0","eraseOnDead":"true","heavy":"false","weaponMotionType":"0","lootDropOnDeath":"false","VisualGroup":"","UIInfo":"true","faceName":"","faceIndex":"0","miniHpGaugeStyle":"","AnimationGroup":"","hitAnimationId":"1"}]},{"code":657,"indent":0,"parameters":["Main Group = "]},{"code":657,"indent":0,"parameters":["View Radius = 5"]},{"code":657,"indent":0,"parameters":["Return Radius = 12"]},{"code":657,"indent":0,"parameters":["No Move in Battle = false"]},{"code":657,"indent":0,"parameters":["No Approach Target = true"]},{"code":657,"indent":0,"parameters":["On Death = "]},{"code":657,"indent":0,"parameters":["On See Target = "]},{"code":657,"indent":0,"parameters":["On Hit = "]},{"code":657,"indent":0,"parameters":["Exp Variable = 0"]},{"code":657,"indent":0,"parameters":["Auto Exp = false"]},{"code":657,"indent":0,"parameters":["Not Agressive = true"]},{"code":657,"indent":0,"parameters":["Team ID = 2"]},{"code":657,"indent":0,"parameters":["Death Variable = 0"]},{"code":657,"indent":0,"parameters":["Save HP = false"]},{"code":657,"indent":0,"parameters":["Map Group = "]},{"code":657,"indent":0,"parameters":["Shatter Effect? = true"]},{"code":657,"indent":0,"parameters":["Dead Switch = 0"]},{"code":657,"indent":0,"parameters":["Erase on Dead? = true"]},{"code":657,"indent":0,"parameters":["Is heavy = false"]},{"code":657,"indent":0,"parameters":["Weapon Motion Type = 0"]},{"code":657,"indent":0,"parameters":["Drop Loot = false"]},{"code":657,"indent":0,"parameters":["Visual Group = "]},{"code":657,"indent":0,"parameters":["Show UI Info? = true"]},{"code":657,"indent":0,"parameters":["Face Name = "]},{"code":657,"indent":0,"parameters":["Face Index = 0"]},{"code":657,"indent":0,"parameters":["Mini HP Gauge Style = "]},{"code":657,"indent":0,"parameters":["Animation Group = "]},{"code":657,"indent":0,"parameters":["Hit Animation = 1"]},{"code":101,"indent":0,"parameters":["People4",5,0,2,""]},{"code":401,"indent":0,"parameters":["Hi I'm | L4: =D4 -> Abie | M4: ."]},{"code":0,"indent":0,"parameters":[]}],"moveFrequency":3,"moveRoute":{"list":[{"code":0,"parameters":[]}],"repeat":true,"skippable":false,"wait":false},"moveSpeed":3,"moveType":0,"priorityType":1,"stepAnime":false,"through":false,"trigger":0,"walkAnime":true},{"conditions":{"actorId":1,"actorValid":false,"itemId":1,"itemValid":false,"selfSwitchCh":"B","selfSwitchValid":true,"switch1Id":1,"switch1Valid":false,"switch2Id":1,"switch2Valid":false,"variableId":1,"variableValid":false,"variableValue":0},"directionFix":false,"image":{"tileId":0,"characterName":"People/04-Mage","direction":2,"pattern":0,"characterIndex":0},"list":[{"code":108,"indent":0,"parameters":["iconOnMinimap:minimapIcon_Evil7"]},{"code":108,"indent":0,"parameters":["<ABS: | N4: =B4 -> 54 | O4: >"]},{"code":108,"indent":0,"parameters":["<label: NPC>"]},{"code":357,"indent":0,"parameters":["Alpha_ABSZ","ABSEventSettings","ABS Enemy Configurate",{"MainGroup":"","viewRadius":"5","returnRadius":"12","noMoveInBattle":"false","noApproach":"true","onDeath":"","onSeeTarget":"","onHit":"","expVar":"0","autoExp":"false","notAgressive":"true","teamId":"2","onDeathVar":"0","saveHp":"false","MapGroup":"","shatterEffect":"true","deadSwitch":"0","eraseOnDead":"true","heavy":"false","weaponMotionType":"0","lootDropOnDeath":"false","VisualGroup":"","UIInfo":"true","faceName":"","faceIndex":"0","miniHpGaugeStyle":"","AnimationGroup":"","hitAnimationId":"1"}]},{"code":657,"indent":0,"parameters":["Main Group = "]},{"code":657,"indent":0,"parameters":["View Radius = 5"]},{"code":657,"indent":0,"parameters":["Return Radius = 12"]},{"code":657,"indent":0,"parameters":["No Move in Battle = false"]},{"code":657,"indent":0,"parameters":["No Approach Target = true"]},{"code":657,"indent":0,"parameters":["On Death = "]},{"code":657,"indent":0,"parameters":["On See Target = "]},{"code":657,"indent":0,"parameters":["On Hit = "]},{"code":657,"indent":0,"parameters":["Exp Variable = 0"]},{"code":657,"indent":0,"parameters":["Auto Exp = false"]},{"code":657,"indent":0,"parameters":["Not Agressive = true"]},{"code":657,"indent":0,"parameters":["Team ID = 2"]},{"code":657,"indent":0,"parameters":["Death Variable = 0"]},{"code":657,"indent":0,"parameters":["Save HP = false"]},{"code":657,"indent":0,"parameters":["Map Group = "]},{"code":657,"indent":0,"parameters":["Shatter Effect? = true"]},{"code":657,"indent":0,"parameters":["Dead Switch = 0"]},{"code":657,"indent":0,"parameters":["Erase on Dead? = true"]},{"code":657,"indent":0,"parameters":["Is heavy = false"]},{"code":657,"indent":0,"parameters":["Weapon Motion Type = 0"]},{"code":657,"indent":0,"parameters":["Drop Loot = false"]},{"code":657,"indent":0,"parameters":["Visual Group = "]},{"code":657,"indent":0,"parameters":["Show UI Info? = true"]},{"code":657,"indent":0,"parameters":["Face Name = "]},{"code":657,"indent":0,"parameters":["Face Index = 0"]},{"code":657,"indent":0,"parameters":["Mini HP Gauge Style = "]},{"code":657,"indent":0,"parameters":["Animation Group = "]},{"code":657,"indent":0,"parameters":["Hit Animation = 1"]},{"code":101,"indent":0,"parameters":["People4",5,0,2,""]},{"code":401,"indent":0,"parameters":["Hi I'm | P4: =D4 -> Abie | Q4: ."]},{"code":0,"indent":0,"parameters":[]}],"moveFrequency":3,"moveRoute":{"list":[{"code":0,"parameters":[]}],"repeat":true,"skippable":false,"wait":false},"moveSpeed":3,"moveType":0,"priorityType":1,"stepAnime":false,"through":false,"trigger":0,"walkAnime":true},{"conditions":{"actorId":1,"actorValid":false,"itemId":1,"itemValid":false,"selfSwitchCh":"C","selfSwitchValid":true,"switch1Id":1,"switch1Valid":false,"switch2Id":1,"switch2Valid":false,"variableId":1,"variableValid":false,"variableValue":0},"directionFix":false,"image":{"tileId":0,"characterName":"People/04-Mage","direction":2,"pattern":0,"characterIndex":0},"list":[{"code":108,"indent":0,"parameters":["iconOnMinimap:minimapIcon_Evil7"]},{"code":108,"indent":0,"parameters":["<ABS: | R4: =B4 -> 54 | S4: >"]},{"code":108,"indent":0,"parameters":["<label: NPC>"]},{"code":357,"indent":0,"parameters":["Alpha_ABSZ","ABSEventSettings","ABS Enemy Configurate",{"MainGroup":"","viewRadius":"5","returnRadius":"12","noMoveInBattle":"false","noApproach":"true","onDeath":"","onSeeTarget":"","onHit":"","expVar":"0","autoExp":"false","notAgressive":"true","teamId":"2","onDeathVar":"0","saveHp":"false","MapGroup":"","shatterEffect":"true","deadSwitch":"0","eraseOnDead":"true","heavy":"false","weaponMotionType":"0","lootDropOnDeath":"false","VisualGroup":"","UIInfo":"true","faceName":"","faceIndex":"0","miniHpGaugeStyle":"","AnimationGroup":"","hitAnimationId":"1"}]},{"code":657,"indent":0,"parameters":["Main Group = "]},{"code":657,"indent":0,"parameters":["View Radius = 5"]},{"code":657,"indent":0,"parameters":["Return Radius = 12"]},{"code":657,"indent":0,"parameters":["No Move in Battle = false"]},{"code":657,"indent":0,"parameters":["No Approach Target = true"]},{"code":657,"indent":0,"parameters":["On Death = "]},{"code":657,"indent":0,"parameters":["On See Target = "]},{"code":657,"indent":0,"parameters":["On Hit = "]},{"code":657,"indent":0,"parameters":["Exp Variable = 0"]},{"code":657,"indent":0,"parameters":["Auto Exp = false"]},{"code":657,"indent":0,"parameters":["Not Agressive = true"]},{"code":657,"indent":0,"parameters":["Team ID = 2"]},{"code":657,"indent":0,"parameters":["Death Variable = 0"]},{"code":657,"indent":0,"parameters":["Save HP = false"]},{"code":657,"indent":0,"parameters":["Map Group = "]},{"code":657,"indent":0,"parameters":["Shatter Effect? = true"]},{"code":657,"indent":0,"parameters":["Dead Switch = 0"]},{"code":657,"indent":0,"parameters":["Erase on Dead? = true"]},{"code":657,"indent":0,"parameters":["Is heavy = false"]},{"code":657,"indent":0,"parameters":["Weapon Motion Type = 0"]},{"code":657,"indent":0,"parameters":["Drop Loot = false"]},{"code":657,"indent":0,"parameters":["Visual Group = "]},{"code":657,"indent":0,"parameters":["Show UI Info? = true"]},{"code":657,"indent":0,"parameters":["Face Name = "]},{"code":657,"indent":0,"parameters":["Face Index = 0"]},{"code":657,"indent":0,"parameters":["Mini HP Gauge Style = "]},{"code":657,"indent":0,"parameters":["Animation Group = "]},{"code":657,"indent":0,"parameters":["Hit Animation = 1"]},{"code":101,"indent":0,"parameters":["People4",5,0,2,""]},{"code":401,"indent":0,"parameters":["Hi I'm | T4: =D4 -> Abie | U4: ."]},{"code":0,"indent":0,"parameters":[]}],"moveFrequency":3,"moveRoute":{"list":[{"code":0,"parameters":[]}],"repeat":true,"skippable":false,"wait":false},"moveSpeed":3,"moveType":0,"priorityType":1,"stepAnime":false,"through":false,"trigger":0,"walkAnime":true},{"conditions":{"actorId":1,"actorValid":false,"itemId":1,"itemValid":false,"selfSwitchCh":"D","selfSwitchValid":true,"switch1Id":1,"switch1Valid":false,"switch2Id":1,"switch2Valid":false,"variableId":1,"variableValid":false,"variableValue":0},"directionFix":false,"image":{"tileId":0,"characterName":"People/04-Mage","direction":2,"pattern":0,"characterIndex":0},"list":[{"code":108,"indent":0,"parameters":["iconOnMinimap:minimapIcon_Evil7"]},{"code":108,"indent":0,"parameters":["<ABS: | V4: =B4 -> 54 | W4: >"]},{"code":108,"indent":0,"parameters":["<label: NPC>"]},{"code":357,"indent":0,"parameters":["Alpha_ABSZ","ABSEventSettings","ABS Enemy Configurate",{"MainGroup":"","viewRadius":"5","returnRadius":"12","noMoveInBattle":"false","noApproach":"true","onDeath":"","onSeeTarget":"","onHit":"","expVar":"0","autoExp":"false","notAgressive":"true","teamId":"2","onDeathVar":"0","saveHp":"false","MapGroup":"","shatterEffect":"true","deadSwitch":"0","eraseOnDead":"true","heavy":"false","weaponMotionType":"0","lootDropOnDeath":"false","VisualGroup":"","UIInfo":"true","faceName":"","faceIndex":"0","miniHpGaugeStyle":"","AnimationGroup":"","hitAnimationId":"1"}]},{"code":657,"indent":0,"parameters":["Main Group = "]},{"code":657,"indent":0,"parameters":["View Radius = 5"]},{"code":657,"indent":0,"parameters":["Return Radius = 12"]},{"code":657,"indent":0,"parameters":["No Move in Battle = false"]},{"code":657,"indent":0,"parameters":["No Approach Target = true"]},{"code":657,"indent":0,"parameters":["On Death = "]},{"code":657,"indent":0,"parameters":["On See Target = "]},{"code":657,"indent":0,"parameters":["On Hit = "]},{"code":657,"indent":0,"parameters":["Exp Variable = 0"]},{"code":657,"indent":0,"parameters":["Auto Exp = false"]},{"code":657,"indent":0,"parameters":["Not Agressive = true"]},{"code":657,"indent":0,"parameters":["Team ID = 2"]},{"code":657,"indent":0,"parameters":["Death Variable = 0"]},{"code":657,"indent":0,"parameters":["Save HP = false"]},{"code":657,"indent":0,"parameters":["Map Group = "]},{"code":657,"indent":0,"parameters":["Shatter Effect? = true"]},{"code":657,"indent":0,"parameters":["Dead Switch = 0"]},{"code":657,"indent":0,"parameters":["Erase on Dead? = true"]},{"code":657,"indent":0,"parameters":["Is heavy = false"]},{"code":657,"indent":0,"parameters":["Weapon Motion Type = 0"]},{"code":657,"indent":0,"parameters":["Drop Loot = false"]},{"code":657,"indent":0,"parameters":["Visual Group = "]},{"code":657,"indent":0,"parameters":["Show UI Info? = true"]},{"code":657,"indent":0,"parameters":["Face Name = "]},{"code":657,"indent":0,"parameters":["Face Index = 0"]},{"code":657,"indent":0,"parameters":["Mini HP Gauge Style = "]},{"code":657,"indent":0,"parameters":["Animation Group = "]},{"code":657,"indent":0,"parameters":["Hit Animation = 1"]},{"code":101,"indent":0,"parameters":["People4",5,0,2,""]},{"code":401,"indent":0,"parameters":["Hi I'm | X4: =D4 -> Abie | Y4: ."]},{"code":0,"indent":0,"parameters":[]}],"moveFrequency":3,"moveRoute":{"list":[{"code":0,"parameters":[]}],"repeat":true,"skippable":false,"wait":false},"moveSpeed":3,"moveType":0,"priorityType":1,"stepAnime":false,"through":false,"trigger":0,"walkAnime":true},{"conditions":{"actorId":1,"actorValid":false,"itemId":1,"itemValid":false,"selfSwitchCh":"D","selfSwitchValid":true,"switch1Id":102,"switch1Valid":true,"switch2Id":1,"switch2Valid":false,"variableId":1,"variableValid":false,"variableValue":0},"directionFix":false,"image":{"tileId":0,"characterName":"People/04-Mage","direction":2,"pattern":0,"characterIndex":0},"list":[{"code":111,"indent":0,"parameters":[0,124,1]},{"code":121,"indent":1,"parameters":[124,124,0]},{"code":122,"indent":1,"parameters":[182,182,1,0,1]},{"code":357,"indent":1,"parameters":["CGMZ_PictureGallery","Discover Picture","Discover Picture",{"id":" | Z4: =D4 -> Abie | AA4: ,discover":"true"}]},{"code":657,"indent":1,"parameters":["id = | AB4: =D4 -> Abie | AC4: ]},{code":657,"indent":1,"parameters":["discover = true"]},{"code":357,"indent":1,"parameters":["CGMZ_Reputations","gainRep","Gain Reputation",{"name":"Cognet Points","category":"Social","amount":"10"}]},{"code":657,"indent":1,"parameters":["Reputation Name = Cognet Points"]},{"code":657,"indent":1,"parameters":["Reputation Category = Social"]},{"code":657,"indent":1,"parameters":["Amount = 10"]},{"code":0,"indent":1,"parameters":[]},{"code":412,"indent":0,"parameters":[]},{"code":231,"indent":0,"parameters":[100,"fes_pictures_004_4_1",0,0,240,88,100,100,255,0]},{"code":230,"indent":0,"parameters":[200]},{"code":235,"indent":0,"parameters":[100]},{"code":123,"indent":0,"parameters":["D",1]},{"code":0,"indent":0,"parameters":[]}],"moveFrequency":3,"moveRoute":{"list":[{"code":0,"parameters":[]}],"repeat":true,"skippable":false,"wait":false},"moveSpeed":3,"moveType":0,"priorityType":1,"stepAnime":false,"through":false,"trigger":4,"walkAnime":true}],"x": | AD4: =IF(AD3+1<=19,AD3+1,IF(AD3+1>=20,0,AD3+1)) -> 13 | AE4: ,"y": | AF4: =IF(AD4=0,AF3+1,AF3) -> 2 | AG4: },
A5: {"id": | B5: 55 | C5: ,"name":" | D5: ='NPCs bc45871df08a46b3ae7d8e083e'!A7 -> Adana | E5: ,note":"","pages":[{"conditions":{"actorId":1,"actorValid":false,"itemId":1,"itemValid":false,"selfSwitchCh":"A","selfSwitchValid":false,"switch1Id":1,"switch1Valid":false,"switch2Id":1,"switch2Valid":false,"variableId":1,"variableValid":false,"variableValue":0},"directionFix":true,"image":{"tileId":0,"characterName":"People/04-Mage","direction":2,"pattern":0,"characterIndex":0},"list":[{"code":108,"indent":0,"parameters":["iconOnMinimap:minimapIcon_Evil7"]},{"code":108,"indent":0,"parameters":["<ABS: | F5: =B5 -> 55 | G5: >"]},{"code":108,"indent":0,"parameters":["<label: NPC>"]},{"code":357,"indent":0,"parameters":["Alpha_ABSZ","ABSEventSettings","ABS Enemy Configurate",{"MainGroup":"","viewRadius":"5","returnRadius":"12","noMoveInBattle":"false","noApproach":"true","onDeath":"","onSeeTarget":"","onHit":"","expVar":"0","autoExp":"false","notAgressive":"true","teamId":"2","onDeathVar":"0","saveHp":"false","MapGroup":"","shatterEffect":"true","deadSwitch":"0","eraseOnDead":"true","heavy":"false","weaponMotionType":"0","lootDropOnDeath":"false","VisualGroup":"","UIInfo":"true","faceName":"","faceIndex":"0","miniHpGaugeStyle":"","AnimationGroup":"","hitAnimationId":"1"}]},{"code":657,"indent":0,"parameters":["Main Group = "]},{"code":657,"indent":0,"parameters":["View Radius = 5"]},{"code":657,"indent":0,"parameters":["Return Radius = 12"]},{"code":657,"indent":0,"parameters":["No Move in Battle = false"]},{"code":657,"indent":0,"parameters":["No Approach Target = true"]},{"code":657,"indent":0,"parameters":["On Death = "]},{"code":657,"indent":0,"parameters":["On See Target = "]},{"code":657,"indent":0,"parameters":["On Hit = "]},{"code":657,"indent":0,"parameters":["Exp Variable = 0"]},{"code":657,"indent":0,"parameters":["Auto Exp = false"]},{"code":657,"indent":0,"parameters":["Not Agressive = true"]},{"code":657,"indent":0,"parameters":["Team ID = 2"]},{"code":657,"indent":0,"parameters":["Death Variable = 0"]},{"code":657,"indent":0,"parameters":["Save HP = false"]},{"code":657,"indent":0,"parameters":["Map Group = "]},{"code":657,"indent":0,"parameters":["Shatter Effect? = true"]},{"code":657,"indent":0,"parameters":["Dead Switch = 0"]},{"code":657,"indent":0,"parameters":["Erase on Dead? = true"]},{"code":657,"indent":0,"parameters":["Is heavy = false"]},{"code":657,"indent":0,"parameters":["Weapon Motion Type = 0"]},{"code":657,"indent":0,"parameters":["Drop Loot = false"]},{"code":657,"indent":0,"parameters":["Visual Group = "]},{"code":657,"indent":0,"parameters":["Show UI Info? = true"]},{"code":657,"indent":0,"parameters":["Face Name = "]},{"code":657,"indent":0,"parameters":["Face Index = 0"]},{"code":657,"indent":0,"parameters":["Mini HP Gauge Style = "]},{"code":657,"indent":0,"parameters":["Animation Group = "]},{"code":657,"indent":0,"parameters":["Hit Animation = 1"]},{"code":101,"indent":0,"parameters":["ds_face01-02",5,0,2,""]},{"code":401,"indent":0,"parameters":["Hi I'm | H5: =D5 -> Adana | I5: ."]},{"code":0,"indent":0,"parameters":[]}],"moveFrequency":3,"moveRoute":{"list":[{"code":0,"parameters":[]}],"repeat":true,"skippable":false,"wait":false},"moveSpeed":3,"moveType":0,"priorityType":1,"stepAnime":false,"through":false,"trigger":0,"walkAnime":true},{"conditions":{"actorId":1,"actorValid":false,"itemId":1,"itemValid":false,"selfSwitchCh":"A","selfSwitchValid":true,"switch1Id":1,"switch1Valid":false,"switch2Id":1,"switch2Valid":false,"variableId":1,"variableValid":false,"variableValue":0},"directionFix":false,"image":{"tileId":0,"characterName":"People/04-Mage","direction":2,"pattern":0,"characterIndex":0},"list":[{"code":108,"indent":0,"parameters":["iconOnMinimap:minimapIcon_Evil7"]},{"code":108,"indent":0,"parameters":["<ABS: | J5: =B5 -> 55 | K5: >"]},{"code":108,"indent":0,"parameters":["<label: NPC>"]},{"code":357,"indent":0,"parameters":["Alpha_ABSZ","ABSEventSettings","ABS Enemy Configurate",{"MainGroup":"","viewRadius":"5","returnRadius":"12","noMoveInBattle":"false","noApproach":"true","onDeath":"","onSeeTarget":"","onHit":"","expVar":"0","autoExp":"false","notAgressive":"true","teamId":"2","onDeathVar":"0","saveHp":"false","MapGroup":"","shatterEffect":"true","deadSwitch":"0","eraseOnDead":"true","heavy":"false","weaponMotionType":"0","lootDropOnDeath":"false","VisualGroup":"","UIInfo":"true","faceName":"","faceIndex":"0","miniHpGaugeStyle":"","AnimationGroup":"","hitAnimationId":"1"}]},{"code":657,"indent":0,"parameters":["Main Group = "]},{"code":657,"indent":0,"parameters":["View Radius = 5"]},{"code":657,"indent":0,"parameters":["Return Radius = 12"]},{"code":657,"indent":0,"parameters":["No Move in Battle = false"]},{"code":657,"indent":0,"parameters":["No Approach Target = true"]},{"code":657,"indent":0,"parameters":["On Death = "]},{"code":657,"indent":0,"parameters":["On See Target = "]},{"code":657,"indent":0,"parameters":["On Hit = "]},{"code":657,"indent":0,"parameters":["Exp Variable = 0"]},{"code":657,"indent":0,"parameters":["Auto Exp = false"]},{"code":657,"indent":0,"parameters":["Not Agressive = true"]},{"code":657,"indent":0,"parameters":["Team ID = 2"]},{"code":657,"indent":0,"parameters":["Death Variable = 0"]},{"code":657,"indent":0,"parameters":["Save HP = false"]},{"code":657,"indent":0,"parameters":["Map Group = "]},{"code":657,"indent":0,"parameters":["Shatter Effect? = true"]},{"code":657,"indent":0,"parameters":["Dead Switch = 0"]},{"code":657,"indent":0,"parameters":["Erase on Dead? = true"]},{"code":657,"indent":0,"parameters":["Is heavy = false"]},{"code":657,"indent":0,"parameters":["Weapon Motion Type = 0"]},{"code":657,"indent":0,"parameters":["Drop Loot = false"]},{"code":657,"indent":0,"parameters":["Visual Group = "]},{"code":657,"indent":0,"parameters":["Show UI Info? = true"]},{"code":657,"indent":0,"parameters":["Face Name = "]},{"code":657,"indent":0,"parameters":["Face Index = 0"]},{"code":657,"indent":0,"parameters":["Mini HP Gauge Style = "]},{"code":657,"indent":0,"parameters":["Animation Group = "]},{"code":657,"indent":0,"parameters":["Hit Animation = 1"]},{"code":101,"indent":0,"parameters":["People4",5,0,2,""]},{"code":401,"indent":0,"parameters":["Hi I'm | L5: =D5 -> Adana | M5: ."]},{"code":0,"indent":0,"parameters":[]}],"moveFrequency":3,"moveRoute":{"list":[{"code":0,"parameters":[]}],"repeat":true,"skippable":false,"wait":false},"moveSpeed":3,"moveType":0,"priorityType":1,"stepAnime":false,"through":false,"trigger":0,"walkAnime":true},{"conditions":{"actorId":1,"actorValid":false,"itemId":1,"itemValid":false,"selfSwitchCh":"B","selfSwitchValid":true,"switch1Id":1,"switch1Valid":false,"switch2Id":1,"switch2Valid":false,"variableId":1,"variableValid":false,"variableValue":0},"directionFix":false,"image":{"tileId":0,"characterName":"People/04-Mage","direction":2,"pattern":0,"characterIndex":0},"list":[{"code":108,"indent":0,"parameters":["iconOnMinimap:minimapIcon_Evil7"]},{"code":108,"indent":0,"parameters":["<ABS: | N5: =B5 -> 55 | O5: >"]},{"code":108,"indent":0,"parameters":["<label: NPC>"]},{"code":357,"indent":0,"parameters":["Alpha_ABSZ","ABSEventSettings","ABS Enemy Configurate",{"MainGroup":"","viewRadius":"5","returnRadius":"12","noMoveInBattle":"false","noApproach":"true","onDeath":"","onSeeTarget":"","onHit":"","expVar":"0","autoExp":"false","notAgressive":"true","teamId":"2","onDeathVar":"0","saveHp":"false","MapGroup":"","shatterEffect":"true","deadSwitch":"0","eraseOnDead":"true","heavy":"false","weaponMotionType":"0","lootDropOnDeath":"false","VisualGroup":"","UIInfo":"true","faceName":"","faceIndex":"0","miniHpGaugeStyle":"","AnimationGroup":"","hitAnimationId":"1"}]},{"code":657,"indent":0,"parameters":["Main Group = "]},{"code":657,"indent":0,"parameters":["View Radius = 5"]},{"code":657,"indent":0,"parameters":["Return Radius = 12"]},{"code":657,"indent":0,"parameters":["No Move in Battle = false"]},{"code":657,"indent":0,"parameters":["No Approach Target = true"]},{"code":657,"indent":0,"parameters":["On Death = "]},{"code":657,"indent":0,"parameters":["On See Target = "]},{"code":657,"indent":0,"parameters":["On Hit = "]},{"code":657,"indent":0,"parameters":["Exp Variable = 0"]},{"code":657,"indent":0,"parameters":["Auto Exp = false"]},{"code":657,"indent":0,"parameters":["Not Agressive = true"]},{"code":657,"indent":0,"parameters":["Team ID = 2"]},{"code":657,"indent":0,"parameters":["Death Variable = 0"]},{"code":657,"indent":0,"parameters":["Save HP = false"]},{"code":657,"indent":0,"parameters":["Map Group = "]},{"code":657,"indent":0,"parameters":["Shatter Effect? = true"]},{"code":657,"indent":0,"parameters":["Dead Switch = 0"]},{"code":657,"indent":0,"parameters":["Erase on Dead? = true"]},{"code":657,"indent":0,"parameters":["Is heavy = false"]},{"code":657,"indent":0,"parameters":["Weapon Motion Type = 0"]},{"code":657,"indent":0,"parameters":["Drop Loot = false"]},{"code":657,"indent":0,"parameters":["Visual Group = "]},{"code":657,"indent":0,"parameters":["Show UI Info? = true"]},{"code":657,"indent":0,"parameters":["Face Name = "]},{"code":657,"indent":0,"parameters":["Face Index = 0"]},{"code":657,"indent":0,"parameters":["Mini HP Gauge Style = "]},{"code":657,"indent":0,"parameters":["Animation Group = "]},{"code":657,"indent":0,"parameters":["Hit Animation = 1"]},{"code":101,"indent":0,"parameters":["People4",5,0,2,""]},{"code":401,"indent":0,"parameters":["Hi I'm | P5: =D5 -> Adana | Q5: ."]},{"code":0,"indent":0,"parameters":[]}],"moveFrequency":3,"moveRoute":{"list":[{"code":0,"parameters":[]}],"repeat":true,"skippable":false,"wait":false},"moveSpeed":3,"moveType":0,"priorityType":1,"stepAnime":false,"through":false,"trigger":0,"walkAnime":true},{"conditions":{"actorId":1,"actorValid":false,"itemId":1,"itemValid":false,"selfSwitchCh":"C","selfSwitchValid":true,"switch1Id":1,"switch1Valid":false,"switch2Id":1,"switch2Valid":false,"variableId":1,"variableValid":false,"variableValue":0},"directionFix":false,"image":{"tileId":0,"characterName":"People/04-Mage","direction":2,"pattern":0,"characterIndex":0},"list":[{"code":108,"indent":0,"parameters":["iconOnMinimap:minimapIcon_Evil7"]},{"code":108,"indent":0,"parameters":["<ABS: | R5: =B5 -> 55 | S5: >"]},{"code":108,"indent":0,"parameters":["<label: NPC>"]},{"code":357,"indent":0,"parameters":["Alpha_ABSZ","ABSEventSettings","ABS Enemy Configurate",{"MainGroup":"","viewRadius":"5","returnRadius":"12","noMoveInBattle":"false","noApproach":"true","onDeath":"","onSeeTarget":"","onHit":"","expVar":"0","autoExp":"false","notAgressive":"true","teamId":"2","onDeathVar":"0","saveHp":"false","MapGroup":"","shatterEffect":"true","deadSwitch":"0","eraseOnDead":"true","heavy":"false","weaponMotionType":"0","lootDropOnDeath":"false","VisualGroup":"","UIInfo":"true","faceName":"","faceIndex":"0","miniHpGaugeStyle":"","AnimationGroup":"","hitAnimationId":"1"}]},{"code":657,"indent":0,"parameters":["Main Group = "]},{"code":657,"indent":0,"parameters":["View Radius = 5"]},{"code":657,"indent":0,"parameters":["Return Radius = 12"]},{"code":657,"indent":0,"parameters":["No Move in Battle = false"]},{"code":657,"indent":0,"parameters":["No Approach Target = true"]},{"code":657,"indent":0,"parameters":["On Death = "]},{"code":657,"indent":0,"parameters":["On See Target = "]},{"code":657,"indent":0,"parameters":["On Hit = "]},{"code":657,"indent":0,"parameters":["Exp Variable = 0"]},{"code":657,"indent":0,"parameters":["Auto Exp = false"]},{"code":657,"indent":0,"parameters":["Not Agressive = true"]},{"code":657,"indent":0,"parameters":["Team ID = 2"]},{"code":657,"indent":0,"parameters":["Death Variable = 0"]},{"code":657,"indent":0,"parameters":["Save HP = false"]},{"code":657,"indent":0,"parameters":["Map Group = "]},{"code":657,"indent":0,"parameters":["Shatter Effect? = true"]},{"code":657,"indent":0,"parameters":["Dead Switch = 0"]},{"code":657,"indent":0,"parameters":["Erase on Dead? = true"]},{"code":657,"indent":0,"parameters":["Is heavy = false"]},{"code":657,"indent":0,"parameters":["Weapon Motion Type = 0"]},{"code":657,"indent":0,"parameters":["Drop Loot = false"]},{"code":657,"indent":0,"parameters":["Visual Group = "]},{"code":657,"indent":0,"parameters":["Show UI Info? = true"]},{"code":657,"indent":0,"parameters":["Face Name = "]},{"code":657,"indent":0,"parameters":["Face Index = 0"]},{"code":657,"indent":0,"parameters":["Mini HP Gauge Style = "]},{"code":657,"indent":0,"parameters":["Animation Group = "]},{"code":657,"indent":0,"parameters":["Hit Animation = 1"]},{"code":101,"indent":0,"parameters":["People4",5,0,2,""]},{"code":401,"indent":0,"parameters":["Hi I'm | T5: =D5 -> Adana | U5: ."]},{"code":0,"indent":0,"parameters":[]}],"moveFrequency":3,"moveRoute":{"list":[{"code":0,"parameters":[]}],"repeat":true,"skippable":false,"wait":false},"moveSpeed":3,"moveType":0,"priorityType":1,"stepAnime":false,"through":false,"trigger":0,"walkAnime":true},{"conditions":{"actorId":1,"actorValid":false,"itemId":1,"itemValid":false,"selfSwitchCh":"D","selfSwitchValid":true,"switch1Id":1,"switch1Valid":false,"switch2Id":1,"switch2Valid":false,"variableId":1,"variableValid":false,"variableValue":0},"directionFix":false,"image":{"tileId":0,"characterName":"People/04-Mage","direction":2,"pattern":0,"characterIndex":0},"list":[{"code":108,"indent":0,"parameters":["iconOnMinimap:minimapIcon_Evil7"]},{"code":108,"indent":0,"parameters":["<ABS: | V5: =B5 -> 55 | W5: >"]},{"code":108,"indent":0,"parameters":["<label: NPC>"]},{"code":357,"indent":0,"parameters":["Alpha_ABSZ","ABSEventSettings","ABS Enemy Configurate",{"MainGroup":"","viewRadius":"5","returnRadius":"12","noMoveInBattle":"false","noApproach":"true","onDeath":"","onSeeTarget":"","onHit":"","expVar":"0","autoExp":"false","notAgressive":"true","teamId":"2","onDeathVar":"0","saveHp":"false","MapGroup":"","shatterEffect":"true","deadSwitch":"0","eraseOnDead":"true","heavy":"false","weaponMotionType":"0","lootDropOnDeath":"false","VisualGroup":"","UIInfo":"true","faceName":"","faceIndex":"0","miniHpGaugeStyle":"","AnimationGroup":"","hitAnimationId":"1"}]},{"code":657,"indent":0,"parameters":["Main Group = "]},{"code":657,"indent":0,"parameters":["View Radius = 5"]},{"code":657,"indent":0,"parameters":["Return Radius = 12"]},{"code":657,"indent":0,"parameters":["No Move in Battle = false"]},{"code":657,"indent":0,"parameters":["No Approach Target = true"]},{"code":657,"indent":0,"parameters":["On Death = "]},{"code":657,"indent":0,"parameters":["On See Target = "]},{"code":657,"indent":0,"parameters":["On Hit = "]},{"code":657,"indent":0,"parameters":["Exp Variable = 0"]},{"code":657,"indent":0,"parameters":["Auto Exp = false"]},{"code":657,"indent":0,"parameters":["Not Agressive = true"]},{"code":657,"indent":0,"parameters":["Team ID = 2"]},{"code":657,"indent":0,"parameters":["Death Variable = 0"]},{"code":657,"indent":0,"parameters":["Save HP = false"]},{"code":657,"indent":0,"parameters":["Map Group = "]},{"code":657,"indent":0,"parameters":["Shatter Effect? = true"]},{"code":657,"indent":0,"parameters":["Dead Switch = 0"]},{"code":657,"indent":0,"parameters":["Erase on Dead? = true"]},{"code":657,"indent":0,"parameters":["Is heavy = false"]},{"code":657,"indent":0,"parameters":["Weapon Motion Type = 0"]},{"code":657,"indent":0,"parameters":["Drop Loot = false"]},{"code":657,"indent":0,"parameters":["Visual Group = "]},{"code":657,"indent":0,"parameters":["Show UI Info? = true"]},{"code":657,"indent":0,"parameters":["Face Name = "]},{"code":657,"indent":0,"parameters":["Face Index = 0"]},{"code":657,"indent":0,"parameters":["Mini HP Gauge Style = "]},{"code":657,"indent":0,"parameters":["Animation Group = "]},{"code":657,"indent":0,"parameters":["Hit Animation = 1"]},{"code":101,"indent":0,"parameters":["People4",5,0,2,""]},{"code":401,"indent":0,"parameters":["Hi I'm | X5: =D5 -> Adana | Y5: ."]},{"code":0,"indent":0,"parameters":[]}],"moveFrequency":3,"moveRoute":{"list":[{"code":0,"parameters":[]}],"repeat":true,"skippable":false,"wait":false},"moveSpeed":3,"moveType":0,"priorityType":1,"stepAnime":false,"through":false,"trigger":0,"walkAnime":true},{"conditions":{"actorId":1,"actorValid":false,"itemId":1,"itemValid":false,"selfSwitchCh":"D","selfSwitchValid":true,"switch1Id":102,"switch1Valid":true,"switch2Id":1,"switch2Valid":false,"variableId":1,"variableValid":false,"variableValue":0},"directionFix":false,"image":{"tileId":0,"characterName":"People/04-Mage","direction":2,"pattern":0,"characterIndex":0},"list":[{"code":111,"indent":0,"parameters":[0,124,1]},{"code":121,"indent":1,"parameters":[124,124,0]},{"code":122,"indent":1,"parameters":[182,182,1,0,1]},{"code":357,"indent":1,"parameters":["CGMZ_PictureGallery","Discover Picture","Discover Picture",{"id":" | Z5: =D5 -> Adana | AA5: ,discover":"true"}]},{"code":657,"indent":1,"parameters":["id = | AB5: =D5 -> Adana | AC5: ]},{code":657,"indent":1,"parameters":["discover = true"]},{"code":357,"indent":1,"parameters":["CGMZ_Reputations","gainRep","Gain Reputation",{"name":"Cognet Points","category":"Social","amount":"10"}]},{"code":657,"indent":1,"parameters":["Reputation Name = Cognet Points"]},{"code":657,"indent":1,"parameters":["Reputation Category = Social"]},{"code":657,"indent":1,"parameters":["Amount = 10"]},{"code":0,"indent":1,"parameters":[]},{"code":412,"indent":0,"parameters":[]},{"code":231,"indent":0,"parameters":[100,"fes_pictures_004_4_1",0,0,240,88,100,100,255,0]},{"code":230,"indent":0,"parameters":[200]},{"code":235,"indent":0,"parameters":[100]},{"code":123,"indent":0,"parameters":["D",1]},{"code":0,"indent":0,"parameters":[]}],"moveFrequency":3,"moveRoute":{"list":[{"code":0,"parameters":[]}],"repeat":true,"skippable":false,"wait":false},"moveSpeed":3,"moveType":0,"priorityType":1,"stepAnime":false,"through":false,"trigger":4,"walkAnime":true}],"x": | AD5: =IF(AD4+1<=19,AD4+1,IF(AD4+1>=20,0,AD4+1)) -> 14 | AE5: ,"y": | AF5: =IF(AD5=0,AF4+1,AF4) -> 2 | AG5: },
A6: {"id": | B6: 56 | C6: ,"name":" | D6: ='NPCs bc45871df08a46b3ae7d8e083e'!A8 -> Addeson | E6: ,note":"","pages":[{"conditions":{"actorId":1,"actorValid":false,"itemId":1,"itemValid":false,"selfSwitchCh":"A","selfSwitchValid":false,"switch1Id":1,"switch1Valid":false,"switch2Id":1,"switch2Valid":false,"variableId":1,"variableValid":false,"variableValue":0},"directionFix":true,"image":{"tileId":0,"characterName":"People/04-Mage","direction":2,"pattern":0,"characterIndex":0},"list":[{"code":108,"indent":0,"parameters":["iconOnMinimap:minimapIcon_Evil7"]},{"code":108,"indent":0,"parameters":["<ABS: | F6: =B6 -> 56 | G6: >"]},{"code":108,"indent":0,"parameters":["<label: NPC>"]},{"code":357,"indent":0,"parameters":["Alpha_ABSZ","ABSEventSettings","ABS Enemy Configurate",{"MainGroup":"","viewRadius":"5","returnRadius":"12","noMoveInBattle":"false","noApproach":"true","onDeath":"","onSeeTarget":"","onHit":"","expVar":"0","autoExp":"false","notAgressive":"true","teamId":"2","onDeathVar":"0","saveHp":"false","MapGroup":"","shatterEffect":"true","deadSwitch":"0","eraseOnDead":"true","heavy":"false","weaponMotionType":"0","lootDropOnDeath":"false","VisualGroup":"","UIInfo":"true","faceName":"","faceIndex":"0","miniHpGaugeStyle":"","AnimationGroup":"","hitAnimationId":"1"}]},{"code":657,"indent":0,"parameters":["Main Group = "]},{"code":657,"indent":0,"parameters":["View Radius = 5"]},{"code":657,"indent":0,"parameters":["Return Radius = 12"]},{"code":657,"indent":0,"parameters":["No Move in Battle = false"]},{"code":657,"indent":0,"parameters":["No Approach Target = true"]},{"code":657,"indent":0,"parameters":["On Death = "]},{"code":657,"indent":0,"parameters":["On See Target = "]},{"code":657,"indent":0,"parameters":["On Hit = "]},{"code":657,"indent":0,"parameters":["Exp Variable = 0"]},{"code":657,"indent":0,"parameters":["Auto Exp = false"]},{"code":657,"indent":0,"parameters":["Not Agressive = true"]},{"code":657,"indent":0,"parameters":["Team ID = 2"]},{"code":657,"indent":0,"parameters":["Death Variable = 0"]},{"code":657,"indent":0,"parameters":["Save HP = false"]},{"code":657,"indent":0,"parameters":["Map Group = "]},{"code":657,"indent":0,"parameters":["Shatter Effect? = true"]},{"code":657,"indent":0,"parameters":["Dead Switch = 0"]},{"code":657,"indent":0,"parameters":["Erase on Dead? = true"]},{"code":657,"indent":0,"parameters":["Is heavy = false"]},{"code":657,"indent":0,"parameters":["Weapon Motion Type = 0"]},{"code":657,"indent":0,"parameters":["Drop Loot = false"]},{"code":657,"indent":0,"parameters":["Visual Group = "]},{"code":657,"indent":0,"parameters":["Show UI Info? = true"]},{"code":657,"indent":0,"parameters":["Face Name = "]},{"code":657,"indent":0,"parameters":["Face Index = 0"]},{"code":657,"indent":0,"parameters":["Mini HP Gauge Style = "]},{"code":657,"indent":0,"parameters":["Animation Group = "]},{"code":657,"indent":0,"parameters":["Hit Animation = 1"]},{"code":101,"indent":0,"parameters":["ds_face01-02",5,0,2,""]},{"code":401,"indent":0,"parameters":["Hi I'm | H6: =D6 -> Addeson | I6: ."]},{"code":0,"indent":0,"parameters":[]}],"moveFrequency":3,"moveRoute":{"list":[{"code":0,"parameters":[]}],"repeat":true,"skippable":false,"wait":false},"moveSpeed":3,"moveType":0,"priorityType":1,"stepAnime":false,"through":false,"trigger":0,"walkAnime":true},{"conditions":{"actorId":1,"actorValid":false,"itemId":1,"itemValid":false,"selfSwitchCh":"A","selfSwitchValid":true,"switch1Id":1,"switch1Valid":false,"switch2Id":1,"switch2Valid":false,"variableId":1,"variableValid":false,"variableValue":0},"directionFix":false,"image":{"tileId":0,"characterName":"People/04-Mage","direction":2,"pattern":0,"characterIndex":0},"list":[{"code":108,"indent":0,"parameters":["iconOnMinimap:minimapIcon_Evil7"]},{"code":108,"indent":0,"parameters":["<ABS: | J6: =B6 -> 56 | K6: >"]},{"code":108,"indent":0,"parameters":["<label: NPC>"]},{"code":357,"indent":0,"parameters":["Alpha_ABSZ","ABSEventSettings","ABS Enemy Configurate",{"MainGroup":"","viewRadius":"5","returnRadius":"12","noMoveInBattle":"false","noApproach":"true","onDeath":"","onSeeTarget":"","onHit":"","expVar":"0","autoExp":"false","notAgressive":"true","teamId":"2","onDeathVar":"0","saveHp":"false","MapGroup":"","shatterEffect":"true","deadSwitch":"0","eraseOnDead":"true","heavy":"false","weaponMotionType":"0","lootDropOnDeath":"false","VisualGroup":"","UIInfo":"true","faceName":"","faceIndex":"0","miniHpGaugeStyle":"","AnimationGroup":"","hitAnimationId":"1"}]},{"code":657,"indent":0,"parameters":["Main Group = "]},{"code":657,"indent":0,"parameters":["View Radius = 5"]},{"code":657,"indent":0,"parameters":["Return Radius = 12"]},{"code":657,"indent":0,"parameters":["No Move in Battle = false"]},{"code":657,"indent":0,"parameters":["No Approach Target = true"]},{"code":657,"indent":0,"parameters":["On Death = "]},{"code":657,"indent":0,"parameters":["On See Target = "]},{"code":657,"indent":0,"parameters":["On Hit = "]},{"code":657,"indent":0,"parameters":["Exp Variable = 0"]},{"code":657,"indent":0,"parameters":["Auto Exp = false"]},{"code":657,"indent":0,"parameters":["Not Agressive = true"]},{"code":657,"indent":0,"parameters":["Team ID = 2"]},{"code":657,"indent":0,"parameters":["Death Variable = 0"]},{"code":657,"indent":0,"parameters":["Save HP = false"]},{"code":657,"indent":0,"parameters":["Map Group = "]},{"code":657,"indent":0,"parameters":["Shatter Effect? = true"]},{"code":657,"indent":0,"parameters":["Dead Switch = 0"]},{"code":657,"indent":0,"parameters":["Erase on Dead? = true"]},{"code":657,"indent":0,"parameters":["Is heavy = false"]},{"code":657,"indent":0,"parameters":["Weapon Motion Type = 0"]},{"code":657,"indent":0,"parameters":["Drop Loot = false"]},{"code":657,"indent":0,"parameters":["Visual Group = "]},{"code":657,"indent":0,"parameters":["Show UI Info? = true"]},{"code":657,"indent":0,"parameters":["Face Name = "]},{"code":657,"indent":0,"parameters":["Face Index = 0"]},{"code":657,"indent":0,"parameters":["Mini HP Gauge Style = "]},{"code":657,"indent":0,"parameters":["Animation Group = "]},{"code":657,"indent":0,"parameters":["Hit Animation = 1"]},{"code":101,"indent":0,"parameters":["People4",5,0,2,""]},{"code":401,"indent":0,"parameters":["Hi I'm | L6: =D6 -> Addeson | M6: ."]},{"code":0,"indent":0,"parameters":[]}],"moveFrequency":3,"moveRoute":{"list":[{"code":0,"parameters":[]}],"repeat":true,"skippable":false,"wait":false},"moveSpeed":3,"moveType":0,"priorityType":1,"stepAnime":false,"through":false,"trigger":0,"walkAnime":true},{"conditions":{"actorId":1,"actorValid":false,"itemId":1,"itemValid":false,"selfSwitchCh":"B","selfSwitchValid":true,"switch1Id":1,"switch1Valid":false,"switch2Id":1,"switch2Valid":false,"variableId":1,"variableValid":false,"variableValue":0},"directionFix":false,"image":{"tileId":0,"characterName":"People/04-Mage","direction":2,"pattern":0,"characterIndex":0},"list":[{"code":108,"indent":0,"parameters":["iconOnMinimap:minimapIcon_Evil7"]},{"code":108,"indent":0,"parameters":["<ABS: | N6: =B6 -> 56 | O6: >"]},{"code":108,"indent":0,"parameters":["<label: NPC>"]},{"code":357,"indent":0,"parameters":["Alpha_ABSZ","ABSEventSettings","ABS Enemy Configurate",{"MainGroup":"","viewRadius":"5","returnRadius":"12","noMoveInBattle":"false","noApproach":"true","onDeath":"","onSeeTarget":"","onHit":"","expVar":"0","autoExp":"false","notAgressive":"true","teamId":"2","onDeathVar":"0","saveHp":"false","MapGroup":"","shatterEffect":"true","deadSwitch":"0","eraseOnDead":"true","heavy":"false","weaponMotionType":"0","lootDropOnDeath":"false","VisualGroup":"","UIInfo":"true","faceName":"","faceIndex":"0","miniHpGaugeStyle":"","AnimationGroup":"","hitAnimationId":"1"}]},{"code":657,"indent":0,"parameters":["Main Group = "]},{"code":657,"indent":0,"parameters":["View Radius = 5"]},{"code":657,"indent":0,"parameters":["Return Radius = 12"]},{"code":657,"indent":0,"parameters":["No Move in Battle = false"]},{"code":657,"indent":0,"parameters":["No Approach Target = true"]},{"code":657,"indent":0,"parameters":["On Death = "]},{"code":657,"indent":0,"parameters":["On See Target = "]},{"code":657,"indent":0,"parameters":["On Hit = "]},{"code":657,"indent":0,"parameters":["Exp Variable = 0"]},{"code":657,"indent":0,"parameters":["Auto Exp = false"]},{"code":657,"indent":0,"parameters":["Not Agressive = true"]},{"code":657,"indent":0,"parameters":["Team ID = 2"]},{"code":657,"indent":0,"parameters":["Death Variable = 0"]},{"code":657,"indent":0,"parameters":["Save HP = false"]},{"code":657,"indent":0,"parameters":["Map Group = "]},{"code":657,"indent":0,"parameters":["Shatter Effect? = true"]},{"code":657,"indent":0,"parameters":["Dead Switch = 0"]},{"code":657,"indent":0,"parameters":["Erase on Dead? = true"]},{"code":657,"indent":0,"parameters":["Is heavy = false"]},{"code":657,"indent":0,"parameters":["Weapon Motion Type = 0"]},{"code":657,"indent":0,"parameters":["Drop Loot = false"]},{"code":657,"indent":0,"parameters":["Visual Group = "]},{"code":657,"indent":0,"parameters":["Show UI Info? = true"]},{"code":657,"indent":0,"parameters":["Face Name = "]},{"code":657,"indent":0,"parameters":["Face Index = 0"]},{"code":657,"indent":0,"parameters":["Mini HP Gauge Style = "]},{"code":657,"indent":0,"parameters":["Animation Group = "]},{"code":657,"indent":0,"parameters":["Hit Animation = 1"]},{"code":101,"indent":0,"parameters":["People4",5,0,2,""]},{"code":401,"indent":0,"parameters":["Hi I'm | P6: =D6 -> Addeson | Q6: ."]},{"code":0,"indent":0,"parameters":[]}],"moveFrequency":3,"moveRoute":{"list":[{"code":0,"parameters":[]}],"repeat":true,"skippable":false,"wait":false},"moveSpeed":3,"moveType":0,"priorityType":1,"stepAnime":false,"through":false,"trigger":0,"walkAnime":true},{"conditions":{"actorId":1,"actorValid":false,"itemId":1,"itemValid":false,"selfSwitchCh":"C","selfSwitchValid":true,"switch1Id":1,"switch1Valid":false,"switch2Id":1,"switch2Valid":false,"variableId":1,"variableValid":false,"variableValue":0},"directionFix":false,"image":{"tileId":0,"characterName":"People/04-Mage","direction":2,"pattern":0,"characterIndex":0},"list":[{"code":108,"indent":0,"parameters":["iconOnMinimap:minimapIcon_Evil7"]},{"code":108,"indent":0,"parameters":["<ABS: | R6: =B6 -> 56 | S6: >"]},{"code":108,"indent":0,"parameters":["<label: NPC>"]},{"code":357,"indent":0,"parameters":["Alpha_ABSZ","ABSEventSettings","ABS Enemy Configurate",{"MainGroup":"","viewRadius":"5","returnRadius":"12","noMoveInBattle":"false","noApproach":"true","onDeath":"","onSeeTarget":"","onHit":"","expVar":"0","autoExp":"false","notAgressive":"true","teamId":"2","onDeathVar":"0","saveHp":"false","MapGroup":"","shatterEffect":"true","deadSwitch":"0","eraseOnDead":"true","heavy":"false","weaponMotionType":"0","lootDropOnDeath":"false","VisualGroup":"","UIInfo":"true","faceName":"","faceIndex":"0","miniHpGaugeStyle":"","AnimationGroup":"","hitAnimationId":"1"}]},{"code":657,"indent":0,"parameters":["Main Group = "]},{"code":657,"indent":0,"parameters":["View Radius = 5"]},{"code":657,"indent":0,"parameters":["Return Radius = 12"]},{"code":657,"indent":0,"parameters":["No Move in Battle = false"]},{"code":657,"indent":0,"parameters":["No Approach Target = true"]},{"code":657,"indent":0,"parameters":["On Death = "]},{"code":657,"indent":0,"parameters":["On See Target = "]},{"code":657,"indent":0,"parameters":["On Hit = "]},{"code":657,"indent":0,"parameters":["Exp Variable = 0"]},{"code":657,"indent":0,"parameters":["Auto Exp = false"]},{"code":657,"indent":0,"parameters":["Not Agressive = true"]},{"code":657,"indent":0,"parameters":["Team ID = 2"]},{"code":657,"indent":0,"parameters":["Death Variable = 0"]},{"code":657,"indent":0,"parameters":["Save HP = false"]},{"code":657,"indent":0,"parameters":["Map Group = "]},{"code":657,"indent":0,"parameters":["Shatter Effect? = true"]},{"code":657,"indent":0,"parameters":["Dead Switch = 0"]},{"code":657,"indent":0,"parameters":["Erase on Dead? = true"]},{"code":657,"indent":0,"parameters":["Is heavy = false"]},{"code":657,"indent":0,"parameters":["Weapon Motion Type = 0"]},{"code":657,"indent":0,"parameters":["Drop Loot = false"]},{"code":657,"indent":0,"parameters":["Visual Group = "]},{"code":657,"indent":0,"parameters":["Show UI Info? = true"]},{"code":657,"indent":0,"parameters":["Face Name = "]},{"code":657,"indent":0,"parameters":["Face Index = 0"]},{"code":657,"indent":0,"parameters":["Mini HP Gauge Style = "]},{"code":657,"indent":0,"parameters":["Animation Group = "]},{"code":657,"indent":0,"parameters":["Hit Animation = 1"]},{"code":101,"indent":0,"parameters":["People4",5,0,2,""]},{"code":401,"indent":0,"parameters":["Hi I'm | T6: =D6 -> Addeson | U6: ."]},{"code":0,"indent":0,"parameters":[]}],"moveFrequency":3,"moveRoute":{"list":[{"code":0,"parameters":[]}],"repeat":true,"skippable":false,"wait":false},"moveSpeed":3,"moveType":0,"priorityType":1,"stepAnime":false,"through":false,"trigger":0,"walkAnime":true},{"conditions":{"actorId":1,"actorValid":false,"itemId":1,"itemValid":false,"selfSwitchCh":"D","selfSwitchValid":true,"switch1Id":1,"switch1Valid":false,"switch2Id":1,"switch2Valid":false,"variableId":1,"variableValid":false,"variableValue":0},"directionFix":false,"image":{"tileId":0,"characterName":"People/04-Mage","direction":2,"pattern":0,"characterIndex":0},"list":[{"code":108,"indent":0,"parameters":["iconOnMinimap:minimapIcon_Evil7"]},{"code":108,"indent":0,"parameters":["<ABS: | V6: =B6 -> 56 | W6: >"]},{"code":108,"indent":0,"parameters":["<label: NPC>"]},{"code":357,"indent":0,"parameters":["Alpha_ABSZ","ABSEventSettings","ABS Enemy Configurate",{"MainGroup":"","viewRadius":"5","returnRadius":"12","noMoveInBattle":"false","noApproach":"true","onDeath":"","onSeeTarget":"","onHit":"","expVar":"0","autoExp":"false","notAgressive":"true","teamId":"2","onDeathVar":"0","saveHp":"false","MapGroup":"","shatterEffect":"true","deadSwitch":"0","eraseOnDead":"true","heavy":"false","weaponMotionType":"0","lootDropOnDeath":"false","VisualGroup":"","UIInfo":"true","faceName":"","faceIndex":"0","miniHpGaugeStyle":"","AnimationGroup":"","hitAnimationId":"1"}]},{"code":657,"indent":0,"parameters":["Main Group = "]},{"code":657,"indent":0,"parameters":["View Radius = 5"]},{"code":657,"indent":0,"parameters":["Return Radius = 12"]},{"code":657,"indent":0,"parameters":["No Move in Battle = false"]},{"code":657,"indent":0,"parameters":["No Approach Target = true"]},{"code":657,"indent":0,"parameters":["On Death = "]},{"code":657,"indent":0,"parameters":["On See Target = "]},{"code":657,"indent":0,"parameters":["On Hit = "]},{"code":657,"indent":0,"parameters":["Exp Variable = 0"]},{"code":657,"indent":0,"parameters":["Auto Exp = false"]},{"code":657,"indent":0,"parameters":["Not Agressive = true"]},{"code":657,"indent":0,"parameters":["Team ID = 2"]},{"code":657,"indent":0,"parameters":["Death Variable = 0"]},{"code":657,"indent":0,"parameters":["Save HP = false"]},{"code":657,"indent":0,"parameters":["Map Group = "]},{"code":657,"indent":0,"parameters":["Shatter Effect? = true"]},{"code":657,"indent":0,"parameters":["Dead Switch = 0"]},{"code":657,"indent":0,"parameters":["Erase on Dead? = true"]},{"code":657,"indent":0,"parameters":["Is heavy = false"]},{"code":657,"indent":0,"parameters":["Weapon Motion Type = 0"]},{"code":657,"indent":0,"parameters":["Drop Loot = false"]},{"code":657,"indent":0,"parameters":["Visual Group = "]},{"code":657,"indent":0,"parameters":["Show UI Info? = true"]},{"code":657,"indent":0,"parameters":["Face Name = "]},{"code":657,"indent":0,"parameters":["Face Index = 0"]},{"code":657,"indent":0,"parameters":["Mini HP Gauge Style = "]},{"code":657,"indent":0,"parameters":["Animation Group = "]},{"code":657,"indent":0,"parameters":["Hit Animation = 1"]},{"code":101,"indent":0,"parameters":["People4",5,0,2,""]},{"code":401,"indent":0,"parameters":["Hi I'm | X6: =D6 -> Addeson | Y6: ."]},{"code":0,"indent":0,"parameters":[]}],"moveFrequency":3,"moveRoute":{"list":[{"code":0,"parameters":[]}],"repeat":true,"skippable":false,"wait":false},"moveSpeed":3,"moveType":0,"priorityType":1,"stepAnime":false,"through":false,"trigger":0,"walkAnime":true},{"conditions":{"actorId":1,"actorValid":false,"itemId":1,"itemValid":false,"selfSwitchCh":"D","selfSwitchValid":true,"switch1Id":102,"switch1Valid":true,"switch2Id":1,"switch2Valid":false,"variableId":1,"variableValid":false,"variableValue":0},"directionFix":false,"image":{"tileId":0,"characterName":"People/04-Mage","direction":2,"pattern":0,"characterIndex":0},"list":[{"code":111,"indent":0,"parameters":[0,124,1]},{"code":121,"indent":1,"parameters":[124,124,0]},{"code":122,"indent":1,"parameters":[182,182,1,0,1]},{"code":357,"indent":1,"parameters":["CGMZ_PictureGallery","Discover Picture","Discover Picture",{"id":" | Z6: =D6 -> Addeson | AA6: ,discover":"true"}]},{"code":657,"indent":1,"parameters":["id = | AB6: =D6 -> Addeson | AC6: ]},{code":657,"indent":1,"parameters":["discover = true"]},{"code":357,"indent":1,"parameters":["CGMZ_Reputations","gainRep","Gain Reputation",{"name":"Cognet Points","category":"Social","amount":"10"}]},{"code":657,"indent":1,"parameters":["Reputation Name = Cognet Points"]},{"code":657,"indent":1,"parameters":["Reputation Category = Social"]},{"code":657,"indent":1,"parameters":["Amount = 10"]},{"code":0,"indent":1,"parameters":[]},{"code":412,"indent":0,"parameters":[]},{"code":231,"indent":0,"parameters":[100,"fes_pictures_004_4_1",0,0,240,88,100,100,255,0]},{"code":230,"indent":0,"parameters":[200]},{"code":235,"indent":0,"parameters":[100]},{"code":123,"indent":0,"parameters":["D",1]},{"code":0,"indent":0,"parameters":[]}],"moveFrequency":3,"moveRoute":{"list":[{"code":0,"parameters":[]}],"repeat":true,"skippable":false,"wait":false},"moveSpeed":3,"moveType":0,"priorityType":1,"stepAnime":false,"through":false,"trigger":4,"walkAnime":true}],"x": | AD6: =IF(AD5+1<=19,AD5+1,IF(AD5+1>=20,0,AD5+1)) -> 15 | AE6: ,"y": | AF6: =IF(AD6=0,AF5+1,AF5) -> 2 | AG6: },
A7: {"id": | B7: 57 | C7: ,"name":" | D7: ='NPCs bc45871df08a46b3ae7d8e083e'!A9 -> Addie | E7: ,note":"","pages":[{"conditions":{"actorId":1,"actorValid":false,"itemId":1,"itemValid":false,"selfSwitchCh":"A","selfSwitchValid":false,"switch1Id":1,"switch1Valid":false,"switch2Id":1,"switch2Valid":false,"variableId":1,"variableValid":false,"variableValue":0},"directionFix":true,"image":{"tileId":0,"characterName":"People/04-Mage","direction":2,"pattern":0,"characterIndex":0},"list":[{"code":108,"indent":0,"parameters":["iconOnMinimap:minimapIcon_Evil7"]},{"code":108,"indent":0,"parameters":["<ABS: | F7: =B7 -> 57 | G7: >"]},{"code":108,"indent":0,"parameters":["<label: NPC>"]},{"code":357,"indent":0,"parameters":["Alpha_ABSZ","ABSEventSettings","ABS Enemy Configurate",{"MainGroup":"","viewRadius":"5","returnRadius":"12","noMoveInBattle":"false","noApproach":"true","onDeath":"","onSeeTarget":"","onHit":"","expVar":"0","autoExp":"false","notAgressive":"true","teamId":"2","onDeathVar":"0","saveHp":"false","MapGroup":"","shatterEffect":"true","deadSwitch":"0","eraseOnDead":"true","heavy":"false","weaponMotionType":"0","lootDropOnDeath":"false","VisualGroup":"","UIInfo":"true","faceName":"","faceIndex":"0","miniHpGaugeStyle":"","AnimationGroup":"","hitAnimationId":"1"}]},{"code":657,"indent":0,"parameters":["Main Group = "]},{"code":657,"indent":0,"parameters":["View Radius = 5"]},{"code":657,"indent":0,"parameters":["Return Radius = 12"]},{"code":657,"indent":0,"parameters":["No Move in Battle = false"]},{"code":657,"indent":0,"parameters":["No Approach Target = true"]},{"code":657,"indent":0,"parameters":["On Death = "]},{"code":657,"indent":0,"parameters":["On See Target = "]},{"code":657,"indent":0,"parameters":["On Hit = "]},{"code":657,"indent":0,"parameters":["Exp Variable = 0"]},{"code":657,"indent":0,"parameters":["Auto Exp = false"]},{"code":657,"indent":0,"parameters":["Not Agressive = true"]},{"code":657,"indent":0,"parameters":["Team ID = 2"]},{"code":657,"indent":0,"parameters":["Death Variable = 0"]},{"code":657,"indent":0,"parameters":["Save HP = false"]},{"code":657,"indent":0,"parameters":["Map Group = "]},{"code":657,"indent":0,"parameters":["Shatter Effect? = true"]},{"code":657,"indent":0,"parameters":["Dead Switch = 0"]},{"code":657,"indent":0,"parameters":["Erase on Dead? = true"]},{"code":657,"indent":0,"parameters":["Is heavy = false"]},{"code":657,"indent":0,"parameters":["Weapon Motion Type = 0"]},{"code":657,"indent":0,"parameters":["Drop Loot = false"]},{"code":657,"indent":0,"parameters":["Visual Group = "]},{"code":657,"indent":0,"parameters":["Show UI Info? = true"]},{"code":657,"indent":0,"parameters":["Face Name = "]},{"code":657,"indent":0,"parameters":["Face Index = 0"]},{"code":657,"indent":0,"parameters":["Mini HP Gauge Style = "]},{"code":657,"indent":0,"parameters":["Animation Group = "]},{"code":657,"indent":0,"parameters":["Hit Animation = 1"]},{"code":101,"indent":0,"parameters":["ds_face01-02",5,0,2,""]},{"code":401,"indent":0,"parameters":["Hi I'm | H7: =D7 -> Addie | I7: ."]},{"code":0,"indent":0,"parameters":[]}],"moveFrequency":3,"moveRoute":{"list":[{"code":0,"parameters":[]}],"repeat":true,"skippable":false,"wait":false},"moveSpeed":3,"moveType":0,"priorityType":1,"stepAnime":false,"through":false,"trigger":0,"walkAnime":true},{"conditions":{"actorId":1,"actorValid":false,"itemId":1,"itemValid":false,"selfSwitchCh":"A","selfSwitchValid":true,"switch1Id":1,"switch1Valid":false,"switch2Id":1,"switch2Valid":false,"variableId":1,"variableValid":false,"variableValue":0},"directionFix":false,"image":{"tileId":0,"characterName":"People/04-Mage","direction":2,"pattern":0,"characterIndex":0},"list":[{"code":108,"indent":0,"parameters":["iconOnMinimap:minimapIcon_Evil7"]},{"code":108,"indent":0,"parameters":["<ABS: | J7: =B7 -> 57 | K7: >"]},{"code":108,"indent":0,"parameters":["<label: NPC>"]},{"code":357,"indent":0,"parameters":["Alpha_ABSZ","ABSEventSettings","ABS Enemy Configurate",{"MainGroup":"","viewRadius":"5","returnRadius":"12","noMoveInBattle":"false","noApproach":"true","onDeath":"","onSeeTarget":"","onHit":"","expVar":"0","autoExp":"false","notAgressive":"true","teamId":"2","onDeathVar":"0","saveHp":"false","MapGroup":"","shatterEffect":"true","deadSwitch":"0","eraseOnDead":"true","heavy":"false","weaponMotionType":"0","lootDropOnDeath":"false","VisualGroup":"","UIInfo":"true","faceName":"","faceIndex":"0","miniHpGaugeStyle":"","AnimationGroup":"","hitAnimationId":"1"}]},{"code":657,"indent":0,"parameters":["Main Group = "]},{"code":657,"indent":0,"parameters":["View Radius = 5"]},{"code":657,"indent":0,"parameters":["Return Radius = 12"]},{"code":657,"indent":0,"parameters":["No Move in Battle = false"]},{"code":657,"indent":0,"parameters":["No Approach Target = true"]},{"code":657,"indent":0,"parameters":["On Death = "]},{"code":657,"indent":0,"parameters":["On See Target = "]},{"code":657,"indent":0,"parameters":["On Hit = "]},{"code":657,"indent":0,"parameters":["Exp Variable = 0"]},{"code":657,"indent":0,"parameters":["Auto Exp = false"]},{"code":657,"indent":0,"parameters":["Not Agressive = true"]},{"code":657,"indent":0,"parameters":["Team ID = 2"]},{"code":657,"indent":0,"parameters":["Death Variable = 0"]},{"code":657,"indent":0,"parameters":["Save HP = false"]},{"code":657,"indent":0,"parameters":["Map Group = "]},{"code":657,"indent":0,"parameters":["Shatter Effect? = true"]},{"code":657,"indent":0,"parameters":["Dead Switch = 0"]},{"code":657,"indent":0,"parameters":["Erase on Dead? = true"]},{"code":657,"indent":0,"parameters":["Is heavy = false"]},{"code":657,"indent":0,"parameters":["Weapon Motion Type = 0"]},{"code":657,"indent":0,"parameters":["Drop Loot = false"]},{"code":657,"indent":0,"parameters":["Visual Group = "]},{"code":657,"indent":0,"parameters":["Show UI Info? = true"]},{"code":657,"indent":0,"parameters":["Face Name = "]},{"code":657,"indent":0,"parameters":["Face Index = 0"]},{"code":657,"indent":0,"parameters":["Mini HP Gauge Style = "]},{"code":657,"indent":0,"parameters":["Animation Group = "]},{"code":657,"indent":0,"parameters":["Hit Animation = 1"]},{"code":101,"indent":0,"parameters":["People4",5,0,2,""]},{"code":401,"indent":0,"parameters":["Hi I'm | L7: =D7 -> Addie | M7: ."]},{"code":0,"indent":0,"parameters":[]}],"moveFrequency":3,"moveRoute":{"list":[{"code":0,"parameters":[]}],"repeat":true,"skippable":false,"wait":false},"moveSpeed":3,"moveType":0,"priorityType":1,"stepAnime":false,"through":false,"trigger":0,"walkAnime":true},{"conditions":{"actorId":1,"actorValid":false,"itemId":1,"itemValid":false,"selfSwitchCh":"B","selfSwitchValid":true,"switch1Id":1,"switch1Valid":false,"switch2Id":1,"switch2Valid":false,"variableId":1,"variableValid":false,"variableValue":0},"directionFix":false,"image":{"tileId":0,"characterName":"People/04-Mage","direction":2,"pattern":0,"characterIndex":0},"list":[{"code":108,"indent":0,"parameters":["iconOnMinimap:minimapIcon_Evil7"]},{"code":108,"indent":0,"parameters":["<ABS: | N7: =B7 -> 57 | O7: >"]},{"code":108,"indent":0,"parameters":["<label: NPC>"]},{"code":357,"indent":0,"parameters":["Alpha_ABSZ","ABSEventSettings","ABS Enemy Configurate",{"MainGroup":"","viewRadius":"5","returnRadius":"12","noMoveInBattle":"false","noApproach":"true","onDeath":"","onSeeTarget":"","onHit":"","expVar":"0","autoExp":"false","notAgressive":"true","teamId":"2","onDeathVar":"0","saveHp":"false","MapGroup":"","shatterEffect":"true","deadSwitch":"0","eraseOnDead":"true","heavy":"false","weaponMotionType":"0","lootDropOnDeath":"false","VisualGroup":"","UIInfo":"true","faceName":"","faceIndex":"0","miniHpGaugeStyle":"","AnimationGroup":"","hitAnimationId":"1"}]},{"code":657,"indent":0,"parameters":["Main Group = "]},{"code":657,"indent":0,"parameters":["View Radius = 5"]},{"code":657,"indent":0,"parameters":["Return Radius = 12"]},{"code":657,"indent":0,"parameters":["No Move in Battle = false"]},{"code":657,"indent":0,"parameters":["No Approach Target = true"]},{"code":657,"indent":0,"parameters":["On Death = "]},{"code":657,"indent":0,"parameters":["On See Target = "]},{"code":657,"indent":0,"parameters":["On Hit = "]},{"code":657,"indent":0,"parameters":["Exp Variable = 0"]},{"code":657,"indent":0,"parameters":["Auto Exp = false"]},{"code":657,"indent":0,"parameters":["Not Agressive = true"]},{"code":657,"indent":0,"parameters":["Team ID = 2"]},{"code":657,"indent":0,"parameters":["Death Variable = 0"]},{"code":657,"indent":0,"parameters":["Save HP = false"]},{"code":657,"indent":0,"parameters":["Map Group = "]},{"code":657,"indent":0,"parameters":["Shatter Effect? = true"]},{"code":657,"indent":0,"parameters":["Dead Switch = 0"]},{"code":657,"indent":0,"parameters":["Erase on Dead? = true"]},{"code":657,"indent":0,"parameters":["Is heavy = false"]},{"code":657,"indent":0,"parameters":["Weapon Motion Type = 0"]},{"code":657,"indent":0,"parameters":["Drop Loot = false"]},{"code":657,"indent":0,"parameters":["Visual Group = "]},{"code":657,"indent":0,"parameters":["Show UI Info? = true"]},{"code":657,"indent":0,"parameters":["Face Name = "]},{"code":657,"indent":0,"parameters":["Face Index = 0"]},{"code":657,"indent":0,"parameters":["Mini HP Gauge Style = "]},{"code":657,"indent":0,"parameters":["Animation Group = "]},{"code":657,"indent":0,"parameters":["Hit Animation = 1"]},{"code":101,"indent":0,"parameters":["People4",5,0,2,""]},{"code":401,"indent":0,"parameters":["Hi I'm | P7: =D7 -> Addie | Q7: ."]},{"code":0,"indent":0,"parameters":[]}],"moveFrequency":3,"moveRoute":{"list":[{"code":0,"parameters":[]}],"repeat":true,"skippable":false,"wait":false},"moveSpeed":3,"moveType":0,"priorityType":1,"stepAnime":false,"through":false,"trigger":0,"walkAnime":true},{"conditions":{"actorId":1,"actorValid":false,"itemId":1,"itemValid":false,"selfSwitchCh":"C","selfSwitchValid":true,"switch1Id":1,"switch1Valid":false,"switch2Id":1,"switch2Valid":false,"variableId":1,"variableValid":false,"variableValue":0},"directionFix":false,"image":{"tileId":0,"characterName":"People/04-Mage","direction":2,"pattern":0,"characterIndex":0},"list":[{"code":108,"indent":0,"parameters":["iconOnMinimap:minimapIcon_Evil7"]},{"code":108,"indent":0,"parameters":["<ABS: | R7: =B7 -> 57 | S7: >"]},{"code":108,"indent":0,"parameters":["<label: NPC>"]},{"code":357,"indent":0,"parameters":["Alpha_ABSZ","ABSEventSettings","ABS Enemy Configurate",{"MainGroup":"","viewRadius":"5","returnRadius":"12","noMoveInBattle":"false","noApproach":"true","onDeath":"","onSeeTarget":"","onHit":"","expVar":"0","autoExp":"false","notAgressive":"true","teamId":"2","onDeathVar":"0","saveHp":"false","MapGroup":"","shatterEffect":"true","deadSwitch":"0","eraseOnDead":"true","heavy":"false","weaponMotionType":"0","lootDropOnDeath":"false","VisualGroup":"","UIInfo":"true","faceName":"","faceIndex":"0","miniHpGaugeStyle":"","AnimationGroup":"","hitAnimationId":"1"}]},{"code":657,"indent":0,"parameters":["Main Group = "]},{"code":657,"indent":0,"parameters":["View Radius = 5"]},{"code":657,"indent":0,"parameters":["Return Radius = 12"]},{"code":657,"indent":0,"parameters":["No Move in Battle = false"]},{"code":657,"indent":0,"parameters":["No Approach Target = true"]},{"code":657,"indent":0,"parameters":["On Death = "]},{"code":657,"indent":0,"parameters":["On See Target = "]},{"code":657,"indent":0,"parameters":["On Hit = "]},{"code":657,"indent":0,"parameters":["Exp Variable = 0"]},{"code":657,"indent":0,"parameters":["Auto Exp = false"]},{"code":657,"indent":0,"parameters":["Not Agressive = true"]},{"code":657,"indent":0,"parameters":["Team ID = 2"]},{"code":657,"indent":0,"parameters":["Death Variable = 0"]},{"code":657,"indent":0,"parameters":["Save HP = false"]},{"code":657,"indent":0,"parameters":["Map Group = "]},{"code":657,"indent":0,"parameters":["Shatter Effect? = true"]},{"code":657,"indent":0,"parameters":["Dead Switch = 0"]},{"code":657,"indent":0,"parameters":["Erase on Dead? = true"]},{"code":657,"indent":0,"parameters":["Is heavy = false"]},{"code":657,"indent":0,"parameters":["Weapon Motion Type = 0"]},{"code":657,"indent":0,"parameters":["Drop Loot = false"]},{"code":657,"indent":0,"parameters":["Visual Group = "]},{"code":657,"indent":0,"parameters":["Show UI Info? = true"]},{"code":657,"indent":0,"parameters":["Face Name = "]},{"code":657,"indent":0,"parameters":["Face Index = 0"]},{"code":657,"indent":0,"parameters":["Mini HP Gauge Style = "]},{"code":657,"indent":0,"parameters":["Animation Group = "]},{"code":657,"indent":0,"parameters":["Hit Animation = 1"]},{"code":101,"indent":0,"parameters":["People4",5,0,2,""]},{"code":401,"indent":0,"parameters":["Hi I'm | T7: =D7 -> Addie | U7: ."]},{"code":0,"indent":0,"parameters":[]}],"moveFrequency":3,"moveRoute":{"list":[{"code":0,"parameters":[]}],"repeat":true,"skippable":false,"wait":false},"moveSpeed":3,"moveType":0,"priorityType":1,"stepAnime":false,"through":false,"trigger":0,"walkAnime":true},{"conditions":{"actorId":1,"actorValid":false,"itemId":1,"itemValid":false,"selfSwitchCh":"D","selfSwitchValid":true,"switch1Id":1,"switch1Valid":false,"switch2Id":1,"switch2Valid":false,"variableId":1,"variableValid":false,"variableValue":0},"directionFix":false,"image":{"tileId":0,"characterName":"People/04-Mage","direction":2,"pattern":0,"characterIndex":0},"list":[{"code":108,"indent":0,"parameters":["iconOnMinimap:minimapIcon_Evil7"]},{"code":108,"indent":0,"parameters":["<ABS: | V7: =B7 -> 57 | W7: >"]},{"code":108,"indent":0,"parameters":["<label: NPC>"]},{"code":357,"indent":0,"parameters":["Alpha_ABSZ","ABSEventSettings","ABS Enemy Configurate",{"MainGroup":"","viewRadius":"5","returnRadius":"12","noMoveInBattle":"false","noApproach":"true","onDeath":"","onSeeTarget":"","onHit":"","expVar":"0","autoExp":"false","notAgressive":"true","teamId":"2","onDeathVar":"0","saveHp":"false","MapGroup":"","shatterEffect":"true","deadSwitch":"0","eraseOnDead":"true","heavy":"false","weaponMotionType":"0","lootDropOnDeath":"false","VisualGroup":"","UIInfo":"true","faceName":"","faceIndex":"0","miniHpGaugeStyle":"","AnimationGroup":"","hitAnimationId":"1"}]},{"code":657,"indent":0,"parameters":["Main Group = "]},{"code":657,"indent":0,"parameters":["View Radius = 5"]},{"code":657,"indent":0,"parameters":["Return Radius = 12"]},{"code":657,"indent":0,"parameters":["No Move in Battle = false"]},{"code":657,"indent":0,"parameters":["No Approach Target = true"]},{"code":657,"indent":0,"parameters":["On Death = "]},{"code":657,"indent":0,"parameters":["On See Target = "]},{"code":657,"indent":0,"parameters":["On Hit = "]},{"code":657,"indent":0,"parameters":["Exp Variable = 0"]},{"code":657,"indent":0,"parameters":["Auto Exp = false"]},{"code":657,"indent":0,"parameters":["Not Agressive = true"]},{"code":657,"indent":0,"parameters":["Team ID = 2"]},{"code":657,"indent":0,"parameters":["Death Variable = 0"]},{"code":657,"indent":0,"parameters":["Save HP = false"]},{"code":657,"indent":0,"parameters":["Map Group = "]},{"code":657,"indent":0,"parameters":["Shatter Effect? = true"]},{"code":657,"indent":0,"parameters":["Dead Switch = 0"]},{"code":657,"indent":0,"parameters":["Erase on Dead? = true"]},{"code":657,"indent":0,"parameters":["Is heavy = false"]},{"code":657,"indent":0,"parameters":["Weapon Motion Type = 0"]},{"code":657,"indent":0,"parameters":["Drop Loot = false"]},{"code":657,"indent":0,"parameters":["Visual Group = "]},{"code":657,"indent":0,"parameters":["Show UI Info? = true"]},{"code":657,"indent":0,"parameters":["Face Name = "]},{"code":657,"indent":0,"parameters":["Face Index = 0"]},{"code":657,"indent":0,"parameters":["Mini HP Gauge Style = "]},{"code":657,"indent":0,"parameters":["Animation Group = "]},{"code":657,"indent":0,"parameters":["Hit Animation = 1"]},{"code":101,"indent":0,"parameters":["People4",5,0,2,""]},{"code":401,"indent":0,"parameters":["Hi I'm | X7: =D7 -> Addie | Y7: ."]},{"code":0,"indent":0,"parameters":[]}],"moveFrequency":3,"moveRoute":{"list":[{"code":0,"parameters":[]}],"repeat":true,"skippable":false,"wait":false},"moveSpeed":3,"moveType":0,"priorityType":1,"stepAnime":false,"through":false,"trigger":0,"walkAnime":true},{"conditions":{"actorId":1,"actorValid":false,"itemId":1,"itemValid":false,"selfSwitchCh":"D","selfSwitchValid":true,"switch1Id":102,"switch1Valid":true,"switch2Id":1,"switch2Valid":false,"variableId":1,"variableValid":false,"variableValue":0},"directionFix":false,"image":{"tileId":0,"characterName":"People/04-Mage","direction":2,"pattern":0,"characterIndex":0},"list":[{"code":111,"indent":0,"parameters":[0,124,1]},{"code":121,"indent":1,"parameters":[124,124,0]},{"code":122,"indent":1,"parameters":[182,182,1,0,1]},{"code":357,"indent":1,"parameters":["CGMZ_PictureGallery","Discover Picture","Discover Picture",{"id":" | Z7: =D7 -> Addie | AA7: ,discover":"true"}]},{"code":657,"indent":1,"parameters":["id = | AB7: =D7 -> Addie | AC7: ]},{code":657,"indent":1,"parameters":["discover = true"]},{"code":357,"indent":1,"parameters":["CGMZ_Reputations","gainRep","Gain Reputation",{"name":"Cognet Points","category":"Social","amount":"10"}]},{"code":657,"indent":1,"parameters":["Reputation Name = Cognet Points"]},{"code":657,"indent":1,"parameters":["Reputation Category = Social"]},{"code":657,"indent":1,"parameters":["Amount = 10"]},{"code":0,"indent":1,"parameters":[]},{"code":412,"indent":0,"parameters":[]},{"code":231,"indent":0,"parameters":[100,"fes_pictures_004_4_1",0,0,240,88,100,100,255,0]},{"code":230,"indent":0,"parameters":[200]},{"code":235,"indent":0,"parameters":[100]},{"code":123,"indent":0,"parameters":["D",1]},{"code":0,"indent":0,"parameters":[]}],"moveFrequency":3,"moveRoute":{"list":[{"code":0,"parameters":[]}],"repeat":true,"skippable":false,"wait":false},"moveSpeed":3,"moveType":0,"priorityType":1,"stepAnime":false,"through":false,"trigger":4,"walkAnime":true}],"x": | AD7: =IF(AD6+1<=19,AD6+1,IF(AD6+1>=20,0,AD6+1)) -> 16 | AE7: ,"y": | AF7: =IF(AD7=0,AF6+1,AF6) -> 2 | AG7: },
A8: {"id": | B8: 58 | C8: ,"name":" | D8: ='NPCs bc45871df08a46b3ae7d8e083e'!A10 -> Addy | E8: ,note":"","pages":[{"conditions":{"actorId":1,"actorValid":false,"itemId":1,"itemValid":false,"selfSwitchCh":"A","selfSwitchValid":false,"switch1Id":1,"switch1Valid":false,"switch2Id":1,"switch2Valid":false,"variableId":1,"variableValid":false,"variableValue":0},"directionFix":true,"image":{"tileId":0,"characterName":"People/04-Mage","direction":2,"pattern":0,"characterIndex":0},"list":[{"code":108,"indent":0,"parameters":["iconOnMinimap:minimapIcon_Evil7"]},{"code":108,"indent":0,"parameters":["<ABS: | F8: =B8 -> 58 | G8: >"]},{"code":108,"indent":0,"parameters":["<label: NPC>"]},{"code":357,"indent":0,"parameters":["Alpha_ABSZ","ABSEventSettings","ABS Enemy Configurate",{"MainGroup":"","viewRadius":"5","returnRadius":"12","noMoveInBattle":"false","noApproach":"true","onDeath":"","onSeeTarget":"","onHit":"","expVar":"0","autoExp":"false","notAgressive":"true","teamId":"2","onDeathVar":"0","saveHp":"false","MapGroup":"","shatterEffect":"true","deadSwitch":"0","eraseOnDead":"true","heavy":"false","weaponMotionType":"0","lootDropOnDeath":"false","VisualGroup":"","UIInfo":"true","faceName":"","faceIndex":"0","miniHpGaugeStyle":"","AnimationGroup":"","hitAnimationId":"1"}]},{"code":657,"indent":0,"parameters":["Main Group = "]},{"code":657,"indent":0,"parameters":["View Radius = 5"]},{"code":657,"indent":0,"parameters":["Return Radius = 12"]},{"code":657,"indent":0,"parameters":["No Move in Battle = false"]},{"code":657,"indent":0,"parameters":["No Approach Target = true"]},{"code":657,"indent":0,"parameters":["On Death = "]},{"code":657,"indent":0,"parameters":["On See Target = "]},{"code":657,"indent":0,"parameters":["On Hit = "]},{"code":657,"indent":0,"parameters":["Exp Variable = 0"]},{"code":657,"indent":0,"parameters":["Auto Exp = false"]},{"code":657,"indent":0,"parameters":["Not Agressive = true"]},{"code":657,"indent":0,"parameters":["Team ID = 2"]},{"code":657,"indent":0,"parameters":["Death Variable = 0"]},{"code":657,"indent":0,"parameters":["Save HP = false"]},{"code":657,"indent":0,"parameters":["Map Group = "]},{"code":657,"indent":0,"parameters":["Shatter Effect? = true"]},{"code":657,"indent":0,"parameters":["Dead Switch = 0"]},{"code":657,"indent":0,"parameters":["Erase on Dead? = true"]},{"code":657,"indent":0,"parameters":["Is heavy = false"]},{"code":657,"indent":0,"parameters":["Weapon Motion Type = 0"]},{"code":657,"indent":0,"parameters":["Drop Loot = false"]},{"code":657,"indent":0,"parameters":["Visual Group = "]},{"code":657,"indent":0,"parameters":["Show UI Info? = true"]},{"code":657,"indent":0,"parameters":["Face Name = "]},{"code":657,"indent":0,"parameters":["Face Index = 0"]},{"code":657,"indent":0,"parameters":["Mini HP Gauge Style = "]},{"code":657,"indent":0,"parameters":["Animation Group = "]},{"code":657,"indent":0,"parameters":["Hit Animation = 1"]},{"code":101,"indent":0,"parameters":["ds_face01-02",5,0,2,""]},{"code":401,"indent":0,"parameters":["Hi I'm | H8: =D8 -> Addy | I8: ."]},{"code":0,"indent":0,"parameters":[]}],"moveFrequency":3,"moveRoute":{"list":[{"code":0,"parameters":[]}],"repeat":true,"skippable":false,"wait":false},"moveSpeed":3,"moveType":0,"priorityType":1,"stepAnime":false,"through":false,"trigger":0,"walkAnime":true},{"conditions":{"actorId":1,"actorValid":false,"itemId":1,"itemValid":false,"selfSwitchCh":"A","selfSwitchValid":true,"switch1Id":1,"switch1Valid":false,"switch2Id":1,"switch2Valid":false,"variableId":1,"variableValid":false,"variableValue":0},"directionFix":false,"image":{"tileId":0,"characterName":"People/04-Mage","direction":2,"pattern":0,"characterIndex":0},"list":[{"code":108,"indent":0,"parameters":["iconOnMinimap:minimapIcon_Evil7"]},{"code":108,"indent":0,"parameters":["<ABS: | J8: =B8 -> 58 | K8: >"]},{"code":108,"indent":0,"parameters":["<label: NPC>"]},{"code":357,"indent":0,"parameters":["Alpha_ABSZ","ABSEventSettings","ABS Enemy Configurate",{"MainGroup":"","viewRadius":"5","returnRadius":"12","noMoveInBattle":"false","noApproach":"true","onDeath":"","onSeeTarget":"","onHit":"","expVar":"0","autoExp":"false","notAgressive":"true","teamId":"2","onDeathVar":"0","saveHp":"false","MapGroup":"","shatterEffect":"true","deadSwitch":"0","eraseOnDead":"true","heavy":"false","weaponMotionType":"0","lootDropOnDeath":"false","VisualGroup":"","UIInfo":"true","faceName":"","faceIndex":"0","miniHpGaugeStyle":"","AnimationGroup":"","hitAnimationId":"1"}]},{"code":657,"indent":0,"parameters":["Main Group = "]},{"code":657,"indent":0,"parameters":["View Radius = 5"]},{"code":657,"indent":0,"parameters":["Return Radius = 12"]},{"code":657,"indent":0,"parameters":["No Move in Battle = false"]},{"code":657,"indent":0,"parameters":["No Approach Target = true"]},{"code":657,"indent":0,"parameters":["On Death = "]},{"code":657,"indent":0,"parameters":["On See Target = "]},{"code":657,"indent":0,"parameters":["On Hit = "]},{"code":657,"indent":0,"parameters":["Exp Variable = 0"]},{"code":657,"indent":0,"parameters":["Auto Exp = false"]},{"code":657,"indent":0,"parameters":["Not Agressive = true"]},{"code":657,"indent":0,"parameters":["Team ID = 2"]},{"code":657,"indent":0,"parameters":["Death Variable = 0"]},{"code":657,"indent":0,"parameters":["Save HP = false"]},{"code":657,"indent":0,"parameters":["Map Group = "]},{"code":657,"indent":0,"parameters":["Shatter Effect? = true"]},{"code":657,"indent":0,"parameters":["Dead Switch = 0"]},{"code":657,"indent":0,"parameters":["Erase on Dead? = true"]},{"code":657,"indent":0,"parameters":["Is heavy = false"]},{"code":657,"indent":0,"parameters":["Weapon Motion Type = 0"]},{"code":657,"indent":0,"parameters":["Drop Loot = false"]},{"code":657,"indent":0,"parameters":["Visual Group = "]},{"code":657,"indent":0,"parameters":["Show UI Info? = true"]},{"code":657,"indent":0,"parameters":["Face Name = "]},{"code":657,"indent":0,"parameters":["Face Index = 0"]},{"code":657,"indent":0,"parameters":["Mini HP Gauge Style = "]},{"code":657,"indent":0,"parameters":["Animation Group = "]},{"code":657,"indent":0,"parameters":["Hit Animation = 1"]},{"code":101,"indent":0,"parameters":["People4",5,0,2,""]},{"code":401,"indent":0,"parameters":["Hi I'm | L8: =D8 -> Addy | M8: ."]},{"code":0,"indent":0,"parameters":[]}],"moveFrequency":3,"moveRoute":{"list":[{"code":0,"parameters":[]}],"repeat":true,"skippable":false,"wait":false},"moveSpeed":3,"moveType":0,"priorityType":1,"stepAnime":false,"through":false,"trigger":0,"walkAnime":true},{"conditions":{"actorId":1,"actorValid":false,"itemId":1,"itemValid":false,"selfSwitchCh":"B","selfSwitchValid":true,"switch1Id":1,"switch1Valid":false,"switch2Id":1,"switch2Valid":false,"variableId":1,"variableValid":false,"variableValue":0},"directionFix":false,"image":{"tileId":0,"characterName":"People/04-Mage","direction":2,"pattern":0,"characterIndex":0},"list":[{"code":108,"indent":0,"parameters":["iconOnMinimap:minimapIcon_Evil7"]},{"code":108,"indent":0,"parameters":["<ABS: | N8: =B8 -> 58 | O8: >"]},{"code":108,"indent":0,"parameters":["<label: NPC>"]},{"code":357,"indent":0,"parameters":["Alpha_ABSZ","ABSEventSettings","ABS Enemy Configurate",{"MainGroup":"","viewRadius":"5","returnRadius":"12","noMoveInBattle":"false","noApproach":"true","onDeath":"","onSeeTarget":"","onHit":"","expVar":"0","autoExp":"false","notAgressive":"true","teamId":"2","onDeathVar":"0","saveHp":"false","MapGroup":"","shatterEffect":"true","deadSwitch":"0","eraseOnDead":"true","heavy":"false","weaponMotionType":"0","lootDropOnDeath":"false","VisualGroup":"","UIInfo":"true","faceName":"","faceIndex":"0","miniHpGaugeStyle":"","AnimationGroup":"","hitAnimationId":"1"}]},{"code":657,"indent":0,"parameters":["Main Group = "]},{"code":657,"indent":0,"parameters":["View Radius = 5"]},{"code":657,"indent":0,"parameters":["Return Radius = 12"]},{"code":657,"indent":0,"parameters":["No Move in Battle = false"]},{"code":657,"indent":0,"parameters":["No Approach Target = true"]},{"code":657,"indent":0,"parameters":["On Death = "]},{"code":657,"indent":0,"parameters":["On See Target = "]},{"code":657,"indent":0,"parameters":["On Hit = "]},{"code":657,"indent":0,"parameters":["Exp Variable = 0"]},{"code":657,"indent":0,"parameters":["Auto Exp = false"]},{"code":657,"indent":0,"parameters":["Not Agressive = true"]},{"code":657,"indent":0,"parameters":["Team ID = 2"]},{"code":657,"indent":0,"parameters":["Death Variable = 0"]},{"code":657,"indent":0,"parameters":["Save HP = false"]},{"code":657,"indent":0,"parameters":["Map Group = "]},{"code":657,"indent":0,"parameters":["Shatter Effect? = true"]},{"code":657,"indent":0,"parameters":["Dead Switch = 0"]},{"code":657,"indent":0,"parameters":["Erase on Dead? = true"]},{"code":657,"indent":0,"parameters":["Is heavy = false"]},{"code":657,"indent":0,"parameters":["Weapon Motion Type = 0"]},{"code":657,"indent":0,"parameters":["Drop Loot = false"]},{"code":657,"indent":0,"parameters":["Visual Group = "]},{"code":657,"indent":0,"parameters":["Show UI Info? = true"]},{"code":657,"indent":0,"parameters":["Face Name = "]},{"code":657,"indent":0,"parameters":["Face Index = 0"]},{"code":657,"indent":0,"parameters":["Mini HP Gauge Style = "]},{"code":657,"indent":0,"parameters":["Animation Group = "]},{"code":657,"indent":0,"parameters":["Hit Animation = 1"]},{"code":101,"indent":0,"parameters":["People4",5,0,2,""]},{"code":401,"indent":0,"parameters":["Hi I'm | P8: =D8 -> Addy | Q8: ."]},{"code":0,"indent":0,"parameters":[]}],"moveFrequency":3,"moveRoute":{"list":[{"code":0,"parameters":[]}],"repeat":true,"skippable":false,"wait":false},"moveSpeed":3,"moveType":0,"priorityType":1,"stepAnime":false,"through":false,"trigger":0,"walkAnime":true},{"conditions":{"actorId":1,"actorValid":false,"itemId":1,"itemValid":false,"selfSwitchCh":"C","selfSwitchValid":true,"switch1Id":1,"switch1Valid":false,"switch2Id":1,"switch2Valid":false,"variableId":1,"variableValid":false,"variableValue":0},"directionFix":false,"image":{"tileId":0,"characterName":"People/04-Mage","direction":2,"pattern":0,"characterIndex":0},"list":[{"code":108,"indent":0,"parameters":["iconOnMinimap:minimapIcon_Evil7"]},{"code":108,"indent":0,"parameters":["<ABS: | R8: =B8 -> 58 | S8: >"]},{"code":108,"indent":0,"parameters":["<label: NPC>"]},{"code":357,"indent":0,"parameters":["Alpha_ABSZ","ABSEventSettings","ABS Enemy Configurate",{"MainGroup":"","viewRadius":"5","returnRadius":"12","noMoveInBattle":"false","noApproach":"true","onDeath":"","onSeeTarget":"","onHit":"","expVar":"0","autoExp":"false","notAgressive":"true","teamId":"2","onDeathVar":"0","saveHp":"false","MapGroup":"","shatterEffect":"true","deadSwitch":"0","eraseOnDead":"true","heavy":"false","weaponMotionType":"0","lootDropOnDeath":"false","VisualGroup":"","UIInfo":"true","faceName":"","faceIndex":"0","miniHpGaugeStyle":"","AnimationGroup":"","hitAnimationId":"1"}]},{"code":657,"indent":0,"parameters":["Main Group = "]},{"code":657,"indent":0,"parameters":["View Radius = 5"]},{"code":657,"indent":0,"parameters":["Return Radius = 12"]},{"code":657,"indent":0,"parameters":["No Move in Battle = false"]},{"code":657,"indent":0,"parameters":["No Approach Target = true"]},{"code":657,"indent":0,"parameters":["On Death = "]},{"code":657,"indent":0,"parameters":["On See Target = "]},{"code":657,"indent":0,"parameters":["On Hit = "]},{"code":657,"indent":0,"parameters":["Exp Variable = 0"]},{"code":657,"indent":0,"parameters":["Auto Exp = false"]},{"code":657,"indent":0,"parameters":["Not Agressive = true"]},{"code":657,"indent":0,"parameters":["Team ID = 2"]},{"code":657,"indent":0,"parameters":["Death Variable = 0"]},{"code":657,"indent":0,"parameters":["Save HP = false"]},{"code":657,"indent":0,"parameters":["Map Group = "]},{"code":657,"indent":0,"parameters":["Shatter Effect? = true"]},{"code":657,"indent":0,"parameters":["Dead Switch = 0"]},{"code":657,"indent":0,"parameters":["Erase on Dead? = true"]},{"code":657,"indent":0,"parameters":["Is heavy = false"]},{"code":657,"indent":0,"parameters":["Weapon Motion Type = 0"]},{"code":657,"indent":0,"parameters":["Drop Loot = false"]},{"code":657,"indent":0,"parameters":["Visual Group = "]},{"code":657,"indent":0,"parameters":["Show UI Info? = true"]},{"code":657,"indent":0,"parameters":["Face Name = "]},{"code":657,"indent":0,"parameters":["Face Index = 0"]},{"code":657,"indent":0,"parameters":["Mini HP Gauge Style = "]},{"code":657,"indent":0,"parameters":["Animation Group = "]},{"code":657,"indent":0,"parameters":["Hit Animation = 1"]},{"code":101,"indent":0,"parameters":["People4",5,0,2,""]},{"code":401,"indent":0,"parameters":["Hi I'm | T8: =D8 -> Addy | U8: ."]},{"code":0,"indent":0,"parameters":[]}],"moveFrequency":3,"moveRoute":{"list":[{"code":0,"parameters":[]}],"repeat":true,"skippable":false,"wait":false},"moveSpeed":3,"moveType":0,"priorityType":1,"stepAnime":false,"through":false,"trigger":0,"walkAnime":true},{"conditions":{"actorId":1,"actorValid":false,"itemId":1,"itemValid":false,"selfSwitchCh":"D","selfSwitchValid":true,"switch1Id":1,"switch1Valid":false,"switch2Id":1,"switch2Valid":false,"variableId":1,"variableValid":false,"variableValue":0},"directionFix":false,"image":{"tileId":0,"characterName":"People/04-Mage","direction":2,"pattern":0,"characterIndex":0},"list":[{"code":108,"indent":0,"parameters":["iconOnMinimap:minimapIcon_Evil7"]},{"code":108,"indent":0,"parameters":["<ABS: | V8: =B8 -> 58 | W8: >"]},{"code":108,"indent":0,"parameters":["<label: NPC>"]},{"code":357,"indent":0,"parameters":["Alpha_ABSZ","ABSEventSettings","ABS Enemy Configurate",{"MainGroup":"","viewRadius":"5","returnRadius":"12","noMoveInBattle":"false","noApproach":"true","onDeath":"","onSeeTarget":"","onHit":"","expVar":"0","autoExp":"false","notAgressive":"true","teamId":"2","onDeathVar":"0","saveHp":"false","MapGroup":"","shatterEffect":"true","deadSwitch":"0","eraseOnDead":"true","heavy":"false","weaponMotionType":"0","lootDropOnDeath":"false","VisualGroup":"","UIInfo":"true","faceName":"","faceIndex":"0","miniHpGaugeStyle":"","AnimationGroup":"","hitAnimationId":"1"}]},{"code":657,"indent":0,"parameters":["Main Group = "]},{"code":657,"indent":0,"parameters":["View Radius = 5"]},{"code":657,"indent":0,"parameters":["Return Radius = 12"]},{"code":657,"indent":0,"parameters":["No Move in Battle = false"]},{"code":657,"indent":0,"parameters":["No Approach Target = true"]},{"code":657,"indent":0,"parameters":["On Death = "]},{"code":657,"indent":0,"parameters":["On See Target = "]},{"code":657,"indent":0,"parameters":["On Hit = "]},{"code":657,"indent":0,"parameters":["Exp Variable = 0"]},{"code":657,"indent":0,"parameters":["Auto Exp = false"]},{"code":657,"indent":0,"parameters":["Not Agressive = true"]},{"code":657,"indent":0,"parameters":["Team ID = 2"]},{"code":657,"indent":0,"parameters":["Death Variable = 0"]},{"code":657,"indent":0,"parameters":["Save HP = false"]},{"code":657,"indent":0,"parameters":["Map Group = "]},{"code":657,"indent":0,"parameters":["Shatter Effect? = true"]},{"code":657,"indent":0,"parameters":["Dead Switch = 0"]},{"code":657,"indent":0,"parameters":["Erase on Dead? = true"]},{"code":657,"indent":0,"parameters":["Is heavy = false"]},{"code":657,"indent":0,"parameters":["Weapon Motion Type = 0"]},{"code":657,"indent":0,"parameters":["Drop Loot = false"]},{"code":657,"indent":0,"parameters":["Visual Group = "]},{"code":657,"indent":0,"parameters":["Show UI Info? = true"]},{"code":657,"indent":0,"parameters":["Face Name = "]},{"code":657,"indent":0,"parameters":["Face Index = 0"]},{"code":657,"indent":0,"parameters":["Mini HP Gauge Style = "]},{"code":657,"indent":0,"parameters":["Animation Group = "]},{"code":657,"indent":0,"parameters":["Hit Animation = 1"]},{"code":101,"indent":0,"parameters":["People4",5,0,2,""]},{"code":401,"indent":0,"parameters":["Hi I'm | X8: =D8 -> Addy | Y8: ."]},{"code":0,"indent":0,"parameters":[]}],"moveFrequency":3,"moveRoute":{"list":[{"code":0,"parameters":[]}],"repeat":true,"skippable":false,"wait":false},"moveSpeed":3,"moveType":0,"priorityType":1,"stepAnime":false,"through":false,"trigger":0,"walkAnime":true},{"conditions":{"actorId":1,"actorValid":false,"itemId":1,"itemValid":false,"selfSwitchCh":"D","selfSwitchValid":true,"switch1Id":102,"switch1Valid":true,"switch2Id":1,"switch2Valid":false,"variableId":1,"variableValid":false,"variableValue":0},"directionFix":false,"image":{"tileId":0,"characterName":"People/04-Mage","direction":2,"pattern":0,"characterIndex":0},"list":[{"code":111,"indent":0,"parameters":[0,124,1]},{"code":121,"indent":1,"parameters":[124,124,0]},{"code":122,"indent":1,"parameters":[182,182,1,0,1]},{"code":357,"indent":1,"parameters":["CGMZ_PictureGallery","Discover Picture","Discover Picture",{"id":" | Z8: =D8 -> Addy | AA8: ,discover":"true"}]},{"code":657,"indent":1,"parameters":["id = | AB8: =D8 -> Addy | AC8: ]},{code":657,"indent":1,"parameters":["discover = true"]},{"code":357,"indent":1,"parameters":["CGMZ_Reputations","gainRep","Gain Reputation",{"name":"Cognet Points","category":"Social","amount":"10"}]},{"code":657,"indent":1,"parameters":["Reputation Name = Cognet Points"]},{"code":657,"indent":1,"parameters":["Reputation Category = Social"]},{"code":657,"indent":1,"parameters":["Amount = 10"]},{"code":0,"indent":1,"parameters":[]},{"code":412,"indent":0,"parameters":[]},{"code":231,"indent":0,"parameters":[100,"fes_pictures_004_4_1",0,0,240,88,100,100,255,0]},{"code":230,"indent":0,"parameters":[200]},{"code":235,"indent":0,"parameters":[100]},{"code":123,"indent":0,"parameters":["D",1]},{"code":0,"indent":0,"parameters":[]}],"moveFrequency":3,"moveRoute":{"list":[{"code":0,"parameters":[]}],"repeat":true,"skippable":false,"wait":false},"moveSpeed":3,"moveType":0,"priorityType":1,"stepAnime":false,"through":false,"trigger":4,"walkAnime":true}],"x": | AD8: =IF(AD7+1<=19,AD7+1,IF(AD7+1>=20,0,AD7+1)) -> 17 | AE8: ,"y": | AF8: =IF(AD8=0,AF7+1,AF7) -> 2 | AG8: },
A9: {"id": | B9: 59 | C9: ,"name":" | D9: ='NPCs bc45871df08a46b3ae7d8e083e'!A11 -> Addyson | E9: ,note":"","pages":[{"conditions":{"actorId":1,"actorValid":false,"itemId":1,"itemValid":false,"selfSwitchCh":"A","selfSwitchValid":false,"switch1Id":1,"switch1Valid":false,"switch2Id":1,"switch2Valid":false,"variableId":1,"variableValid":false,"variableValue":0},"directionFix":true,"image":{"tileId":0,"characterName":"People/04-Mage","direction":2,"pattern":0,"characterIndex":0},"list":[{"code":108,"indent":0,"parameters":["iconOnMinimap:minimapIcon_Evil7"]},{"code":108,"indent":0,"parameters":["<ABS: | F9: =B9 -> 59 | G9: >"]},{"code":108,"indent":0,"parameters":["<label: NPC>"]},{"code":357,"indent":0,"parameters":["Alpha_ABSZ","ABSEventSettings","ABS Enemy Configurate",{"MainGroup":"","viewRadius":"5","returnRadius":"12","noMoveInBattle":"false","noApproach":"true","onDeath":"","onSeeTarget":"","onHit":"","expVar":"0","autoExp":"false","notAgressive":"true","teamId":"2","onDeathVar":"0","saveHp":"false","MapGroup":"","shatterEffect":"true","deadSwitch":"0","eraseOnDead":"true","heavy":"false","weaponMotionType":"0","lootDropOnDeath":"false","VisualGroup":"","UIInfo":"true","faceName":"","faceIndex":"0","miniHpGaugeStyle":"","AnimationGroup":"","hitAnimationId":"1"}]},{"code":657,"indent":0,"parameters":["Main Group = "]},{"code":657,"indent":0,"parameters":["View Radius = 5"]},{"code":657,"indent":0,"parameters":["Return Radius = 12"]},{"code":657,"indent":0,"parameters":["No Move in Battle = false"]},{"code":657,"indent":0,"parameters":["No Approach Target = true"]},{"code":657,"indent":0,"parameters":["On Death = "]},{"code":657,"indent":0,"parameters":["On See Target = "]},{"code":657,"indent":0,"parameters":["On Hit = "]},{"code":657,"indent":0,"parameters":["Exp Variable = 0"]},{"code":657,"indent":0,"parameters":["Auto Exp = false"]},{"code":657,"indent":0,"parameters":["Not Agressive = true"]},{"code":657,"indent":0,"parameters":["Team ID = 2"]},{"code":657,"indent":0,"parameters":["Death Variable = 0"]},{"code":657,"indent":0,"parameters":["Save HP = false"]},{"code":657,"indent":0,"parameters":["Map Group = "]},{"code":657,"indent":0,"parameters":["Shatter Effect? = true"]},{"code":657,"indent":0,"parameters":["Dead Switch = 0"]},{"code":657,"indent":0,"parameters":["Erase on Dead? = true"]},{"code":657,"indent":0,"parameters":["Is heavy = false"]},{"code":657,"indent":0,"parameters":["Weapon Motion Type = 0"]},{"code":657,"indent":0,"parameters":["Drop Loot = false"]},{"code":657,"indent":0,"parameters":["Visual Group = "]},{"code":657,"indent":0,"parameters":["Show UI Info? = true"]},{"code":657,"indent":0,"parameters":["Face Name = "]},{"code":657,"indent":0,"parameters":["Face Index = 0"]},{"code":657,"indent":0,"parameters":["Mini HP Gauge Style = "]},{"code":657,"indent":0,"parameters":["Animation Group = "]},{"code":657,"indent":0,"parameters":["Hit Animation = 1"]},{"code":101,"indent":0,"parameters":["ds_face01-02",5,0,2,""]},{"code":401,"indent":0,"parameters":["Hi I'm | H9: =D9 -> Addyson | I9: ."]},{"code":0,"indent":0,"parameters":[]}],"moveFrequency":3,"moveRoute":{"list":[{"code":0,"parameters":[]}],"repeat":true,"skippable":false,"wait":false},"moveSpeed":3,"moveType":0,"priorityType":1,"stepAnime":false,"through":false,"trigger":0,"walkAnime":true},{"conditions":{"actorId":1,"actorValid":false,"itemId":1,"itemValid":false,"selfSwitchCh":"A","selfSwitchValid":true,"switch1Id":1,"switch1Valid":false,"switch2Id":1,"switch2Valid":false,"variableId":1,"variableValid":false,"variableValue":0},"directionFix":false,"image":{"tileId":0,"characterName":"People/04-Mage","direction":2,"pattern":0,"characterIndex":0},"list":[{"code":108,"indent":0,"parameters":["iconOnMinimap:minimapIcon_Evil7"]},{"code":108,"indent":0,"parameters":["<ABS: | J9: =B9 -> 59 | K9: >"]},{"code":108,"indent":0,"parameters":["<label: NPC>"]},{"code":357,"indent":0,"parameters":["Alpha_ABSZ","ABSEventSettings","ABS Enemy Configurate",{"MainGroup":"","viewRadius":"5","returnRadius":"12","noMoveInBattle":"false","noApproach":"true","onDeath":"","onSeeTarget":"","onHit":"","expVar":"0","autoExp":"false","notAgressive":"true","teamId":"2","onDeathVar":"0","saveHp":"false","MapGroup":"","shatterEffect":"true","deadSwitch":"0","eraseOnDead":"true","heavy":"false","weaponMotionType":"0","lootDropOnDeath":"false","VisualGroup":"","UIInfo":"true","faceName":"","faceIndex":"0","miniHpGaugeStyle":"","AnimationGroup":"","hitAnimationId":"1"}]},{"code":657,"indent":0,"parameters":["Main Group = "]},{"code":657,"indent":0,"parameters":["View Radius = 5"]},{"code":657,"indent":0,"parameters":["Return Radius = 12"]},{"code":657,"indent":0,"parameters":["No Move in Battle = false"]},{"code":657,"indent":0,"parameters":["No Approach Target = true"]},{"code":657,"indent":0,"parameters":["On Death = "]},{"code":657,"indent":0,"parameters":["On See Target = "]},{"code":657,"indent":0,"parameters":["On Hit = "]},{"code":657,"indent":0,"parameters":["Exp Variable = 0"]},{"code":657,"indent":0,"parameters":["Auto Exp = false"]},{"code":657,"indent":0,"parameters":["Not Agressive = true"]},{"code":657,"indent":0,"parameters":["Team ID = 2"]},{"code":657,"indent":0,"parameters":["Death Variable = 0"]},{"code":657,"indent":0,"parameters":["Save HP = false"]},{"code":657,"indent":0,"parameters":["Map Group = "]},{"code":657,"indent":0,"parameters":["Shatter Effect? = true"]},{"code":657,"indent":0,"parameters":["Dead Switch = 0"]},{"code":657,"indent":0,"parameters":["Erase on Dead? = true"]},{"code":657,"indent":0,"parameters":["Is heavy = false"]},{"code":657,"indent":0,"parameters":["Weapon Motion Type = 0"]},{"code":657,"indent":0,"parameters":["Drop Loot = false"]},{"code":657,"indent":0,"parameters":["Visual Group = "]},{"code":657,"indent":0,"parameters":["Show UI Info? = true"]},{"code":657,"indent":0,"parameters":["Face Name = "]},{"code":657,"indent":0,"parameters":["Face Index = 0"]},{"code":657,"indent":0,"parameters":["Mini HP Gauge Style = "]},{"code":657,"indent":0,"parameters":["Animation Group = "]},{"code":657,"indent":0,"parameters":["Hit Animation = 1"]},{"code":101,"indent":0,"parameters":["People4",5,0,2,""]},{"code":401,"indent":0,"parameters":["Hi I'm | L9: =D9 -> Addyson | M9: ."]},{"code":0,"indent":0,"parameters":[]}],"moveFrequency":3,"moveRoute":{"list":[{"code":0,"parameters":[]}],"repeat":true,"skippable":false,"wait":false},"moveSpeed":3,"moveType":0,"priorityType":1,"stepAnime":false,"through":false,"trigger":0,"walkAnime":true},{"conditions":{"actorId":1,"actorValid":false,"itemId":1,"itemValid":false,"selfSwitchCh":"B","selfSwitchValid":true,"switch1Id":1,"switch1Valid":false,"switch2Id":1,"switch2Valid":false,"variableId":1,"variableValid":false,"variableValue":0},"directionFix":false,"image":{"tileId":0,"characterName":"People/04-Mage","direction":2,"pattern":0,"characterIndex":0},"list":[{"code":108,"indent":0,"parameters":["iconOnMinimap:minimapIcon_Evil7"]},{"code":108,"indent":0,"parameters":["<ABS: | N9: =B9 -> 59 | O9: >"]},{"code":108,"indent":0,"parameters":["<label: NPC>"]},{"code":357,"indent":0,"parameters":["Alpha_ABSZ","ABSEventSettings","ABS Enemy Configurate",{"MainGroup":"","viewRadius":"5","returnRadius":"12","noMoveInBattle":"false","noApproach":"true","onDeath":"","onSeeTarget":"","onHit":"","expVar":"0","autoExp":"false","notAgressive":"true","teamId":"2","onDeathVar":"0","saveHp":"false","MapGroup":"","shatterEffect":"true","deadSwitch":"0","eraseOnDead":"true","heavy":"false","weaponMotionType":"0","lootDropOnDeath":"false","VisualGroup":"","UIInfo":"true","faceName":"","faceIndex":"0","miniHpGaugeStyle":"","AnimationGroup":"","hitAnimationId":"1"}]},{"code":657,"indent":0,"parameters":["Main Group = "]},{"code":657,"indent":0,"parameters":["View Radius = 5"]},{"code":657,"indent":0,"parameters":["Return Radius = 12"]},{"code":657,"indent":0,"parameters":["No Move in Battle = false"]},{"code":657,"indent":0,"parameters":["No Approach Target = true"]},{"code":657,"indent":0,"parameters":["On Death = "]},{"code":657,"indent":0,"parameters":["On See Target = "]},{"code":657,"indent":0,"parameters":["On Hit = "]},{"code":657,"indent":0,"parameters":["Exp Variable = 0"]},{"code":657,"indent":0,"parameters":["Auto Exp = false"]},{"code":657,"indent":0,"parameters":["Not Agressive = true"]},{"code":657,"indent":0,"parameters":["Team ID = 2"]},{"code":657,"indent":0,"parameters":["Death Variable = 0"]},{"code":657,"indent":0,"parameters":["Save HP = false"]},{"code":657,"indent":0,"parameters":["Map Group = "]},{"code":657,"indent":0,"parameters":["Shatter Effect? = true"]},{"code":657,"indent":0,"parameters":["Dead Switch = 0"]},{"code":657,"indent":0,"parameters":["Erase on Dead? = true"]},{"code":657,"indent":0,"parameters":["Is heavy = false"]},{"code":657,"indent":0,"parameters":["Weapon Motion Type = 0"]},{"code":657,"indent":0,"parameters":["Drop Loot = false"]},{"code":657,"indent":0,"parameters":["Visual Group = "]},{"code":657,"indent":0,"parameters":["Show UI Info? = true"]},{"code":657,"indent":0,"parameters":["Face Name = "]},{"code":657,"indent":0,"parameters":["Face Index = 0"]},{"code":657,"indent":0,"parameters":["Mini HP Gauge Style = "]},{"code":657,"indent":0,"parameters":["Animation Group = "]},{"code":657,"indent":0,"parameters":["Hit Animation = 1"]},{"code":101,"indent":0,"parameters":["People4",5,0,2,""]},{"code":401,"indent":0,"parameters":["Hi I'm | P9: =D9 -> Addyson | Q9: ."]},{"code":0,"indent":0,"parameters":[]}],"moveFrequency":3,"moveRoute":{"list":[{"code":0,"parameters":[]}],"repeat":true,"skippable":false,"wait":false},"moveSpeed":3,"moveType":0,"priorityType":1,"stepAnime":false,"through":false,"trigger":0,"walkAnime":true},{"conditions":{"actorId":1,"actorValid":false,"itemId":1,"itemValid":false,"selfSwitchCh":"C","selfSwitchValid":true,"switch1Id":1,"switch1Valid":false,"switch2Id":1,"switch2Valid":false,"variableId":1,"variableValid":false,"variableValue":0},"directionFix":false,"image":{"tileId":0,"characterName":"People/04-Mage","direction":2,"pattern":0,"characterIndex":0},"list":[{"code":108,"indent":0,"parameters":["iconOnMinimap:minimapIcon_Evil7"]},{"code":108,"indent":0,"parameters":["<ABS: | R9: =B9 -> 59 | S9: >"]},{"code":108,"indent":0,"parameters":["<label: NPC>"]},{"code":357,"indent":0,"parameters":["Alpha_ABSZ","ABSEventSettings","ABS Enemy Configurate",{"MainGroup":"","viewRadius":"5","returnRadius":"12","noMoveInBattle":"false","noApproach":"true","onDeath":"","onSeeTarget":"","onHit":"","expVar":"0","autoExp":"false","notAgressive":"true","teamId":"2","onDeathVar":"0","saveHp":"false","MapGroup":"","shatterEffect":"true","deadSwitch":"0","eraseOnDead":"true","heavy":"false","weaponMotionType":"0","lootDropOnDeath":"false","VisualGroup":"","UIInfo":"true","faceName":"","faceIndex":"0","miniHpGaugeStyle":"","AnimationGroup":"","hitAnimationId":"1"}]},{"code":657,"indent":0,"parameters":["Main Group = "]},{"code":657,"indent":0,"parameters":["View Radius = 5"]},{"code":657,"indent":0,"parameters":["Return Radius = 12"]},{"code":657,"indent":0,"parameters":["No Move in Battle = false"]},{"code":657,"indent":0,"parameters":["No Approach Target = true"]},{"code":657,"indent":0,"parameters":["On Death = "]},{"code":657,"indent":0,"parameters":["On See Target = "]},{"code":657,"indent":0,"parameters":["On Hit = "]},{"code":657,"indent":0,"parameters":["Exp Variable = 0"]},{"code":657,"indent":0,"parameters":["Auto Exp = false"]},{"code":657,"indent":0,"parameters":["Not Agressive = true"]},{"code":657,"indent":0,"parameters":["Team ID = 2"]},{"code":657,"indent":0,"parameters":["Death Variable = 0"]},{"code":657,"indent":0,"parameters":["Save HP = false"]},{"code":657,"indent":0,"parameters":["Map Group = "]},{"code":657,"indent":0,"parameters":["Shatter Effect? = true"]},{"code":657,"indent":0,"parameters":["Dead Switch = 0"]},{"code":657,"indent":0,"parameters":["Erase on Dead? = true"]},{"code":657,"indent":0,"parameters":["Is heavy = false"]},{"code":657,"indent":0,"parameters":["Weapon Motion Type = 0"]},{"code":657,"indent":0,"parameters":["Drop Loot = false"]},{"code":657,"indent":0,"parameters":["Visual Group = "]},{"code":657,"indent":0,"parameters":["Show UI Info? = true"]},{"code":657,"indent":0,"parameters":["Face Name = "]},{"code":657,"indent":0,"parameters":["Face Index = 0"]},{"code":657,"indent":0,"parameters":["Mini HP Gauge Style = "]},{"code":657,"indent":0,"parameters":["Animation Group = "]},{"code":657,"indent":0,"parameters":["Hit Animation = 1"]},{"code":101,"indent":0,"parameters":["People4",5,0,2,""]},{"code":401,"indent":0,"parameters":["Hi I'm | T9: =D9 -> Addyson | U9: ."]},{"code":0,"indent":0,"parameters":[]}],"moveFrequency":3,"moveRoute":{"list":[{"code":0,"parameters":[]}],"repeat":true,"skippable":false,"wait":false},"moveSpeed":3,"moveType":0,"priorityType":1,"stepAnime":false,"through":false,"trigger":0,"walkAnime":true},{"conditions":{"actorId":1,"actorValid":false,"itemId":1,"itemValid":false,"selfSwitchCh":"D","selfSwitchValid":true,"switch1Id":1,"switch1Valid":false,"switch2Id":1,"switch2Valid":false,"variableId":1,"variableValid":false,"variableValue":0},"directionFix":false,"image":{"tileId":0,"characterName":"People/04-Mage","direction":2,"pattern":0,"characterIndex":0},"list":[{"code":108,"indent":0,"parameters":["iconOnMinimap:minimapIcon_Evil7"]},{"code":108,"indent":0,"parameters":["<ABS: | V9: =B9 -> 59 | W9: >"]},{"code":108,"indent":0,"parameters":["<label: NPC>"]},{"code":357,"indent":0,"parameters":["Alpha_ABSZ","ABSEventSettings","ABS Enemy Configurate",{"MainGroup":"","viewRadius":"5","returnRadius":"12","noMoveInBattle":"false","noApproach":"true","onDeath":"","onSeeTarget":"","onHit":"","expVar":"0","autoExp":"false","notAgressive":"true","teamId":"2","onDeathVar":"0","saveHp":"false","MapGroup":"","shatterEffect":"true","deadSwitch":"0","eraseOnDead":"true","heavy":"false","weaponMotionType":"0","lootDropOnDeath":"false","VisualGroup":"","UIInfo":"true","faceName":"","faceIndex":"0","miniHpGaugeStyle":"","AnimationGroup":"","hitAnimationId":"1"}]},{"code":657,"indent":0,"parameters":["Main Group = "]},{"code":657,"indent":0,"parameters":["View Radius = 5"]},{"code":657,"indent":0,"parameters":["Return Radius = 12"]},{"code":657,"indent":0,"parameters":["No Move in Battle = false"]},{"code":657,"indent":0,"parameters":["No Approach Target = true"]},{"code":657,"indent":0,"parameters":["On Death = "]},{"code":657,"indent":0,"parameters":["On See Target = "]},{"code":657,"indent":0,"parameters":["On Hit = "]},{"code":657,"indent":0,"parameters":["Exp Variable = 0"]},{"code":657,"indent":0,"parameters":["Auto Exp = false"]},{"code":657,"indent":0,"parameters":["Not Agressive = true"]},{"code":657,"indent":0,"parameters":["Team ID = 2"]},{"code":657,"indent":0,"parameters":["Death Variable = 0"]},{"code":657,"indent":0,"parameters":["Save HP = false"]},{"code":657,"indent":0,"parameters":["Map Group = "]},{"code":657,"indent":0,"parameters":["Shatter Effect? = true"]},{"code":657,"indent":0,"parameters":["Dead Switch = 0"]},{"code":657,"indent":0,"parameters":["Erase on Dead? = true"]},{"code":657,"indent":0,"parameters":["Is heavy = false"]},{"code":657,"indent":0,"parameters":["Weapon Motion Type = 0"]},{"code":657,"indent":0,"parameters":["Drop Loot = false"]},{"code":657,"indent":0,"parameters":["Visual Group = "]},{"code":657,"indent":0,"parameters":["Show UI Info? = true"]},{"code":657,"indent":0,"parameters":["Face Name = "]},{"code":657,"indent":0,"parameters":["Face Index = 0"]},{"code":657,"indent":0,"parameters":["Mini HP Gauge Style = "]},{"code":657,"indent":0,"parameters":["Animation Group = "]},{"code":657,"indent":0,"parameters":["Hit Animation = 1"]},{"code":101,"indent":0,"parameters":["People4",5,0,2,""]},{"code":401,"indent":0,"parameters":["Hi I'm | X9: =D9 -> Addyson | Y9: ."]},{"code":0,"indent":0,"parameters":[]}],"moveFrequency":3,"moveRoute":{"list":[{"code":0,"parameters":[]}],"repeat":true,"skippable":false,"wait":false},"moveSpeed":3,"moveType":0,"priorityType":1,"stepAnime":false,"through":false,"trigger":0,"walkAnime":true},{"conditions":{"actorId":1,"actorValid":false,"itemId":1,"itemValid":false,"selfSwitchCh":"D","selfSwitchValid":true,"switch1Id":102,"switch1Valid":true,"switch2Id":1,"switch2Valid":false,"variableId":1,"variableValid":false,"variableValue":0},"directionFix":false,"image":{"tileId":0,"characterName":"People/04-Mage","direction":2,"pattern":0,"characterIndex":0},"list":[{"code":111,"indent":0,"parameters":[0,124,1]},{"code":121,"indent":1,"parameters":[124,124,0]},{"code":122,"indent":1,"parameters":[182,182,1,0,1]},{"code":357,"indent":1,"parameters":["CGMZ_PictureGallery","Discover Picture","Discover Picture",{"id":" | Z9: =D9 -> Addyson | AA9: ,discover":"true"}]},{"code":657,"indent":1,"parameters":["id = | AB9: =D9 -> Addyson | AC9: ]},{code":657,"indent":1,"parameters":["discover = true"]},{"code":357,"indent":1,"parameters":["CGMZ_Reputations","gainRep","Gain Reputation",{"name":"Cognet Points","category":"Social","amount":"10"}]},{"code":657,"indent":1,"parameters":["Reputation Name = Cognet Points"]},{"code":657,"indent":1,"parameters":["Reputation Category = Social"]},{"code":657,"indent":1,"parameters":["Amount = 10"]},{"code":0,"indent":1,"parameters":[]},{"code":412,"indent":0,"parameters":[]},{"code":231,"indent":0,"parameters":[100,"fes_pictures_004_4_1",0,0,240,88,100,100,255,0]},{"code":230,"indent":0,"parameters":[200]},{"code":235,"indent":0,"parameters":[100]},{"code":123,"indent":0,"parameters":["D",1]},{"code":0,"indent":0,"parameters":[]}],"moveFrequency":3,"moveRoute":{"list":[{"code":0,"parameters":[]}],"repeat":true,"skippable":false,"wait":false},"moveSpeed":3,"moveType":0,"priorityType":1,"stepAnime":false,"through":false,"trigger":4,"walkAnime":true}],"x": | AD9: =IF(AD8+1<=19,AD8+1,IF(AD8+1>=20,0,AD8+1)) -> 18 | AE9: ,"y": | AF9: =IF(AD9=0,AF8+1,AF8) -> 2 | AG9: },
A10: {"id": | B10: 60 | C10: ,"name":" | D10: ='NPCs bc45871df08a46b3ae7d8e083e'!A12 -> Adel | E10: ,note":"","pages":[{"conditions":{"actorId":1,"actorValid":false,"itemId":1,"itemValid":false,"selfSwitchCh":"A","selfSwitchValid":false,"switch1Id":1,"switch1Valid":false,"switch2Id":1,"switch2Valid":false,"variableId":1,"variableValid":false,"variableValue":0},"directionFix":true,"image":{"tileId":0,"characterName":"People/04-Mage","direction":2,"pattern":0,"characterIndex":0},"list":[{"code":108,"indent":0,"parameters":["iconOnMinimap:minimapIcon_Evil7"]},{"code":108,"indent":0,"parameters":["<ABS: | F10: =B10 -> 60 | G10: >"]},{"code":108,"indent":0,"parameters":["<label: NPC>"]},{"code":357,"indent":0,"parameters":["Alpha_ABSZ","ABSEventSettings","ABS Enemy Configurate",{"MainGroup":"","viewRadius":"5","returnRadius":"12","noMoveInBattle":"false","noApproach":"true","onDeath":"","onSeeTarget":"","onHit":"","expVar":"0","autoExp":"false","notAgressive":"true","teamId":"2","onDeathVar":"0","saveHp":"false","MapGroup":"","shatterEffect":"true","deadSwitch":"0","eraseOnDead":"true","heavy":"false","weaponMotionType":"0","lootDropOnDeath":"false","VisualGroup":"","UIInfo":"true","faceName":"","faceIndex":"0","miniHpGaugeStyle":"","AnimationGroup":"","hitAnimationId":"1"}]},{"code":657,"indent":0,"parameters":["Main Group = "]},{"code":657,"indent":0,"parameters":["View Radius = 5"]},{"code":657,"indent":0,"parameters":["Return Radius = 12"]},{"code":657,"indent":0,"parameters":["No Move in Battle = false"]},{"code":657,"indent":0,"parameters":["No Approach Target = true"]},{"code":657,"indent":0,"parameters":["On Death = "]},{"code":657,"indent":0,"parameters":["On See Target = "]},{"code":657,"indent":0,"parameters":["On Hit = "]},{"code":657,"indent":0,"parameters":["Exp Variable = 0"]},{"code":657,"indent":0,"parameters":["Auto Exp = false"]},{"code":657,"indent":0,"parameters":["Not Agressive = true"]},{"code":657,"indent":0,"parameters":["Team ID = 2"]},{"code":657,"indent":0,"parameters":["Death Variable = 0"]},{"code":657,"indent":0,"parameters":["Save HP = false"]},{"code":657,"indent":0,"parameters":["Map Group = "]},{"code":657,"indent":0,"parameters":["Shatter Effect? = true"]},{"code":657,"indent":0,"parameters":["Dead Switch = 0"]},{"code":657,"indent":0,"parameters":["Erase on Dead? = true"]},{"code":657,"indent":0,"parameters":["Is heavy = false"]},{"code":657,"indent":0,"parameters":["Weapon Motion Type = 0"]},{"code":657,"indent":0,"parameters":["Drop Loot = false"]},{"code":657,"indent":0,"parameters":["Visual Group = "]},{"code":657,"indent":0,"parameters":["Show UI Info? = true"]},{"code":657,"indent":0,"parameters":["Face Name = "]},{"code":657,"indent":0,"parameters":["Face Index = 0"]},{"code":657,"indent":0,"parameters":["Mini HP Gauge Style = "]},{"code":657,"indent":0,"parameters":["Animation Group = "]},{"code":657,"indent":0,"parameters":["Hit Animation = 1"]},{"code":101,"indent":0,"parameters":["ds_face01-02",5,0,2,""]},{"code":401,"indent":0,"parameters":["Hi I'm | H10: =D10 -> Adel | I10: ."]},{"code":0,"indent":0,"parameters":[]}],"moveFrequency":3,"moveRoute":{"list":[{"code":0,"parameters":[]}],"repeat":true,"skippable":false,"wait":false},"moveSpeed":3,"moveType":0,"priorityType":1,"stepAnime":false,"through":false,"trigger":0,"walkAnime":true},{"conditions":{"actorId":1,"actorValid":false,"itemId":1,"itemValid":false,"selfSwitchCh":"A","selfSwitchValid":true,"switch1Id":1,"switch1Valid":false,"switch2Id":1,"switch2Valid":false,"variableId":1,"variableValid":false,"variableValue":0},"directionFix":false,"image":{"tileId":0,"characterName":"People/04-Mage","direction":2,"pattern":0,"characterIndex":0},"list":[{"code":108,"indent":0,"parameters":["iconOnMinimap:minimapIcon_Evil7"]},{"code":108,"indent":0,"parameters":["<ABS: | J10: =B10 -> 60 | K10: >"]},{"code":108,"indent":0,"parameters":["<label: NPC>"]},{"code":357,"indent":0,"parameters":["Alpha_ABSZ","ABSEventSettings","ABS Enemy Configurate",{"MainGroup":"","viewRadius":"5","returnRadius":"12","noMoveInBattle":"false","noApproach":"true","onDeath":"","onSeeTarget":"","onHit":"","expVar":"0","autoExp":"false","notAgressive":"true","teamId":"2","onDeathVar":"0","saveHp":"false","MapGroup":"","shatterEffect":"true","deadSwitch":"0","eraseOnDead":"true","heavy":"false","weaponMotionType":"0","lootDropOnDeath":"false","VisualGroup":"","UIInfo":"true","faceName":"","faceIndex":"0","miniHpGaugeStyle":"","AnimationGroup":"","hitAnimationId":"1"}]},{"code":657,"indent":0,"parameters":["Main Group = "]},{"code":657,"indent":0,"parameters":["View Radius = 5"]},{"code":657,"indent":0,"parameters":["Return Radius = 12"]},{"code":657,"indent":0,"parameters":["No Move in Battle = false"]},{"code":657,"indent":0,"parameters":["No Approach Target = true"]},{"code":657,"indent":0,"parameters":["On Death = "]},{"code":657,"indent":0,"parameters":["On See Target = "]},{"code":657,"indent":0,"parameters":["On Hit = "]},{"code":657,"indent":0,"parameters":["Exp Variable = 0"]},{"code":657,"indent":0,"parameters":["Auto Exp = false"]},{"code":657,"indent":0,"parameters":["Not Agressive = true"]},{"code":657,"indent":0,"parameters":["Team ID = 2"]},{"code":657,"indent":0,"parameters":["Death Variable = 0"]},{"code":657,"indent":0,"parameters":["Save HP = false"]},{"code":657,"indent":0,"parameters":["Map Group = "]},{"code":657,"indent":0,"parameters":["Shatter Effect? = true"]},{"code":657,"indent":0,"parameters":["Dead Switch = 0"]},{"code":657,"indent":0,"parameters":["Erase on Dead? = true"]},{"code":657,"indent":0,"parameters":["Is heavy = false"]},{"code":657,"indent":0,"parameters":["Weapon Motion Type = 0"]},{"code":657,"indent":0,"parameters":["Drop Loot = false"]},{"code":657,"indent":0,"parameters":["Visual Group = "]},{"code":657,"indent":0,"parameters":["Show UI Info? = true"]},{"code":657,"indent":0,"parameters":["Face Name = "]},{"code":657,"indent":0,"parameters":["Face Index = 0"]},{"code":657,"indent":0,"parameters":["Mini HP Gauge Style = "]},{"code":657,"indent":0,"parameters":["Animation Group = "]},{"code":657,"indent":0,"parameters":["Hit Animation = 1"]},{"code":101,"indent":0,"parameters":["People4",5,0,2,""]},{"code":401,"indent":0,"parameters":["Hi I'm | L10: =D10 -> Adel | M10: ."]},{"code":0,"indent":0,"parameters":[]}],"moveFrequency":3,"moveRoute":{"list":[{"code":0,"parameters":[]}],"repeat":true,"skippable":false,"wait":false},"moveSpeed":3,"moveType":0,"priorityType":1,"stepAnime":false,"through":false,"trigger":0,"walkAnime":true},{"conditions":{"actorId":1,"actorValid":false,"itemId":1,"itemValid":false,"selfSwitchCh":"B","selfSwitchValid":true,"switch1Id":1,"switch1Valid":false,"switch2Id":1,"switch2Valid":false,"variableId":1,"variableValid":false,"variableValue":0},"directionFix":false,"image":{"tileId":0,"characterName":"People/04-Mage","direction":2,"pattern":0,"characterIndex":0},"list":[{"code":108,"indent":0,"parameters":["iconOnMinimap:minimapIcon_Evil7"]},{"code":108,"indent":0,"parameters":["<ABS: | N10: =B10 -> 60 | O10: >"]},{"code":108,"indent":0,"parameters":["<label: NPC>"]},{"code":357,"indent":0,"parameters":["Alpha_ABSZ","ABSEventSettings","ABS Enemy Configurate",{"MainGroup":"","viewRadius":"5","returnRadius":"12","noMoveInBattle":"false","noApproach":"true","onDeath":"","onSeeTarget":"","onHit":"","expVar":"0","autoExp":"false","notAgressive":"true","teamId":"2","onDeathVar":"0","saveHp":"false","MapGroup":"","shatterEffect":"true","deadSwitch":"0","eraseOnDead":"true","heavy":"false","weaponMotionType":"0","lootDropOnDeath":"false","VisualGroup":"","UIInfo":"true","faceName":"","faceIndex":"0","miniHpGaugeStyle":"","AnimationGroup":"","hitAnimationId":"1"}]},{"code":657,"indent":0,"parameters":["Main Group = "]},{"code":657,"indent":0,"parameters":["View Radius = 5"]},{"code":657,"indent":0,"parameters":["Return Radius = 12"]},{"code":657,"indent":0,"parameters":["No Move in Battle = false"]},{"code":657,"indent":0,"parameters":["No Approach Target = true"]},{"code":657,"indent":0,"parameters":["On Death = "]},{"code":657,"indent":0,"parameters":["On See Target = "]},{"code":657,"indent":0,"parameters":["On Hit = "]},{"code":657,"indent":0,"parameters":["Exp Variable = 0"]},{"code":657,"indent":0,"parameters":["Auto Exp = false"]},{"code":657,"indent":0,"parameters":["Not Agressive = true"]},{"code":657,"indent":0,"parameters":["Team ID = 2"]},{"code":657,"indent":0,"parameters":["Death Variable = 0"]},{"code":657,"indent":0,"parameters":["Save HP = false"]},{"code":657,"indent":0,"parameters":["Map Group = "]},{"code":657,"indent":0,"parameters":["Shatter Effect? = true"]},{"code":657,"indent":0,"parameters":["Dead Switch = 0"]},{"code":657,"indent":0,"parameters":["Erase on Dead? = true"]},{"code":657,"indent":0,"parameters":["Is heavy = false"]},{"code":657,"indent":0,"parameters":["Weapon Motion Type = 0"]},{"code":657,"indent":0,"parameters":["Drop Loot = false"]},{"code":657,"indent":0,"parameters":["Visual Group = "]},{"code":657,"indent":0,"parameters":["Show UI Info? = true"]},{"code":657,"indent":0,"parameters":["Face Name = "]},{"code":657,"indent":0,"parameters":["Face Index = 0"]},{"code":657,"indent":0,"parameters":["Mini HP Gauge Style = "]},{"code":657,"indent":0,"parameters":["Animation Group = "]},{"code":657,"indent":0,"parameters":["Hit Animation = 1"]},{"code":101,"indent":0,"parameters":["People4",5,0,2,""]},{"code":401,"indent":0,"parameters":["Hi I'm | P10: =D10 -> Adel | Q10: ."]},{"code":0,"indent":0,"parameters":[]}],"moveFrequency":3,"moveRoute":{"list":[{"code":0,"parameters":[]}],"repeat":true,"skippable":false,"wait":false},"moveSpeed":3,"moveType":0,"priorityType":1,"stepAnime":false,"through":false,"trigger":0,"walkAnime":true},{"conditions":{"actorId":1,"actorValid":false,"itemId":1,"itemValid":false,"selfSwitchCh":"C","selfSwitchValid":true,"switch1Id":1,"switch1Valid":false,"switch2Id":1,"switch2Valid":false,"variableId":1,"variableValid":false,"variableValue":0},"directionFix":false,"image":{"tileId":0,"characterName":"People/04-Mage","direction":2,"pattern":0,"characterIndex":0},"list":[{"code":108,"indent":0,"parameters":["iconOnMinimap:minimapIcon_Evil7"]},{"code":108,"indent":0,"parameters":["<ABS: | R10: =B10 -> 60 | S10: >"]},{"code":108,"indent":0,"parameters":["<label: NPC>"]},{"code":357,"indent":0,"parameters":["Alpha_ABSZ","ABSEventSettings","ABS Enemy Configurate",{"MainGroup":"","viewRadius":"5","returnRadius":"12","noMoveInBattle":"false","noApproach":"true","onDeath":"","onSeeTarget":"","onHit":"","expVar":"0","autoExp":"false","notAgressive":"true","teamId":"2","onDeathVar":"0","saveHp":"false","MapGroup":"","shatterEffect":"true","deadSwitch":"0","eraseOnDead":"true","heavy":"false","weaponMotionType":"0","lootDropOnDeath":"false","VisualGroup":"","UIInfo":"true","faceName":"","faceIndex":"0","miniHpGaugeStyle":"","AnimationGroup":"","hitAnimationId":"1"}]},{"code":657,"indent":0,"parameters":["Main Group = "]},{"code":657,"indent":0,"parameters":["View Radius = 5"]},{"code":657,"indent":0,"parameters":["Return Radius = 12"]},{"code":657,"indent":0,"parameters":["No Move in Battle = false"]},{"code":657,"indent":0,"parameters":["No Approach Target = true"]},{"code":657,"indent":0,"parameters":["On Death = "]},{"code":657,"indent":0,"parameters":["On See Target = "]},{"code":657,"indent":0,"parameters":["On Hit = "]},{"code":657,"indent":0,"parameters":["Exp Variable = 0"]},{"code":657,"indent":0,"parameters":["Auto Exp = false"]},{"code":657,"indent":0,"parameters":["Not Agressive = true"]},{"code":657,"indent":0,"parameters":["Team ID = 2"]},{"code":657,"indent":0,"parameters":["Death Variable = 0"]},{"code":657,"indent":0,"parameters":["Save HP = false"]},{"code":657,"indent":0,"parameters":["Map Group = "]},{"code":657,"indent":0,"parameters":["Shatter Effect? = true"]},{"code":657,"indent":0,"parameters":["Dead Switch = 0"]},{"code":657,"indent":0,"parameters":["Erase on Dead? = true"]},{"code":657,"indent":0,"parameters":["Is heavy = false"]},{"code":657,"indent":0,"parameters":["Weapon Motion Type = 0"]},{"code":657,"indent":0,"parameters":["Drop Loot = false"]},{"code":657,"indent":0,"parameters":["Visual Group = "]},{"code":657,"indent":0,"parameters":["Show UI Info? = true"]},{"code":657,"indent":0,"parameters":["Face Name = "]},{"code":657,"indent":0,"parameters":["Face Index = 0"]},{"code":657,"indent":0,"parameters":["Mini HP Gauge Style = "]},{"code":657,"indent":0,"parameters":["Animation Group = "]},{"code":657,"indent":0,"parameters":["Hit Animation = 1"]},{"code":101,"indent":0,"parameters":["People4",5,0,2,""]},{"code":401,"indent":0,"parameters":["Hi I'm | T10: =D10 -> Adel | U10: ."]},{"code":0,"indent":0,"parameters":[]}],"moveFrequency":3,"moveRoute":{"list":[{"code":0,"parameters":[]}],"repeat":true,"skippable":false,"wait":false},"moveSpeed":3,"moveType":0,"priorityType":1,"stepAnime":false,"through":false,"trigger":0,"walkAnime":true},{"conditions":{"actorId":1,"actorValid":false,"itemId":1,"itemValid":false,"selfSwitchCh":"D","selfSwitchValid":true,"switch1Id":1,"switch1Valid":false,"switch2Id":1,"switch2Valid":false,"variableId":1,"variableValid":false,"variableValue":0},"directionFix":false,"image":{"tileId":0,"characterName":"People/04-Mage","direction":2,"pattern":0,"characterIndex":0},"list":[{"code":108,"indent":0,"parameters":["iconOnMinimap:minimapIcon_Evil7"]},{"code":108,"indent":0,"parameters":["<ABS: | V10: =B10 -> 60 | W10: >"]},{"code":108,"indent":0,"parameters":["<label: NPC>"]},{"code":357,"indent":0,"parameters":["Alpha_ABSZ","ABSEventSettings","ABS Enemy Configurate",{"MainGroup":"","viewRadius":"5","returnRadius":"12","noMoveInBattle":"false","noApproach":"true","onDeath":"","onSeeTarget":"","onHit":"","expVar":"0","autoExp":"false","notAgressive":"true","teamId":"2","onDeathVar":"0","saveHp":"false","MapGroup":"","shatterEffect":"true","deadSwitch":"0","eraseOnDead":"true","heavy":"false","weaponMotionType":"0","lootDropOnDeath":"false","VisualGroup":"","UIInfo":"true","faceName":"","faceIndex":"0","miniHpGaugeStyle":"","AnimationGroup":"","hitAnimationId":"1"}]},{"code":657,"indent":0,"parameters":["Main Group = "]},{"code":657,"indent":0,"parameters":["View Radius = 5"]},{"code":657,"indent":0,"parameters":["Return Radius = 12"]},{"code":657,"indent":0,"parameters":["No Move in Battle = false"]},{"code":657,"indent":0,"parameters":["No Approach Target = true"]},{"code":657,"indent":0,"parameters":["On Death = "]},{"code":657,"indent":0,"parameters":["On See Target = "]},{"code":657,"indent":0,"parameters":["On Hit = "]},{"code":657,"indent":0,"parameters":["Exp Variable = 0"]},{"code":657,"indent":0,"parameters":["Auto Exp = false"]},{"code":657,"indent":0,"parameters":["Not Agressive = true"]},{"code":657,"indent":0,"parameters":["Team ID = 2"]},{"code":657,"indent":0,"parameters":["Death Variable = 0"]},{"code":657,"indent":0,"parameters":["Save HP = false"]},{"code":657,"indent":0,"parameters":["Map Group = "]},{"code":657,"indent":0,"parameters":["Shatter Effect? = true"]},{"code":657,"indent":0,"parameters":["Dead Switch = 0"]},{"code":657,"indent":0,"parameters":["Erase on Dead? = true"]},{"code":657,"indent":0,"parameters":["Is heavy = false"]},{"code":657,"indent":0,"parameters":["Weapon Motion Type = 0"]},{"code":657,"indent":0,"parameters":["Drop Loot = false"]},{"code":657,"indent":0,"parameters":["Visual Group = "]},{"code":657,"indent":0,"parameters":["Show UI Info? = true"]},{"code":657,"indent":0,"parameters":["Face Name = "]},{"code":657,"indent":0,"parameters":["Face Index = 0"]},{"code":657,"indent":0,"parameters":["Mini HP Gauge Style = "]},{"code":657,"indent":0,"parameters":["Animation Group = "]},{"code":657,"indent":0,"parameters":["Hit Animation = 1"]},{"code":101,"indent":0,"parameters":["People4",5,0,2,""]},{"code":401,"indent":0,"parameters":["Hi I'm | X10: =D10 -> Adel | Y10: ."]},{"code":0,"indent":0,"parameters":[]}],"moveFrequency":3,"moveRoute":{"list":[{"code":0,"parameters":[]}],"repeat":true,"skippable":false,"wait":false},"moveSpeed":3,"moveType":0,"priorityType":1,"stepAnime":false,"through":false,"trigger":0,"walkAnime":true},{"conditions":{"actorId":1,"actorValid":false,"itemId":1,"itemValid":false,"selfSwitchCh":"D","selfSwitchValid":true,"switch1Id":102,"switch1Valid":true,"switch2Id":1,"switch2Valid":false,"variableId":1,"variableValid":false,"variableValue":0},"directionFix":false,"image":{"tileId":0,"characterName":"People/04-Mage","direction":2,"pattern":0,"characterIndex":0},"list":[{"code":111,"indent":0,"parameters":[0,124,1]},{"code":121,"indent":1,"parameters":[124,124,0]},{"code":122,"indent":1,"parameters":[182,182,1,0,1]},{"code":357,"indent":1,"parameters":["CGMZ_PictureGallery","Discover Picture","Discover Picture",{"id":" | Z10: =D10 -> Adel | AA10: ,discover":"true"}]},{"code":657,"indent":1,"parameters":["id = | AB10: =D10 -> Adel | AC10: ]},{code":657,"indent":1,"parameters":["discover = true"]},{"code":357,"indent":1,"parameters":["CGMZ_Reputations","gainRep","Gain Reputation",{"name":"Cognet Points","category":"Social","amount":"10"}]},{"code":657,"indent":1,"parameters":["Reputation Name = Cognet Points"]},{"code":657,"indent":1,"parameters":["Reputation Category = Social"]},{"code":657,"indent":1,"parameters":["Amount = 10"]},{"code":0,"indent":1,"parameters":[]},{"code":412,"indent":0,"parameters":[]},{"code":231,"indent":0,"parameters":[100,"fes_pictures_004_4_1",0,0,240,88,100,100,255,0]},{"code":230,"indent":0,"parameters":[200]},{"code":235,"indent":0,"parameters":[100]},{"code":123,"indent":0,"parameters":["D",1]},{"code":0,"indent":0,"parameters":[]}],"moveFrequency":3,"moveRoute":{"list":[{"code":0,"parameters":[]}],"repeat":true,"skippable":false,"wait":false},"moveSpeed":3,"moveType":0,"priorityType":1,"stepAnime":false,"through":false,"trigger":4,"walkAnime":true}],"x": | AD10: =IF(AD9+1<=19,AD9+1,IF(AD9+1>=20,0,AD9+1)) -> 19 | AE10: ,"y": | AF10: =IF(AD10=0,AF9+1,AF9) -> 2 | AG10: },
